Date,Value,10_mean
2016-09-11,621.65,
2016-09-12,609.67,
2016-09-13,610.92,
2016-09-14,608.82,
2016-09-15,610.38,
2016-09-16,609.11,
2016-09-17,607.04,
2016-09-18,611.58,
2016-09-19,610.19,
2016-09-20,608.66,610.802
2016-09-21,598.88,608.5250000000001
2016-09-22,597.42,607.3000000000001
2016-09-23,594.08,605.6160000000001
2016-09-24,603.88,605.1220000000001
2016-09-25,601.74,604.258
2016-09-26,598.98,603.2450000000001
2016-09-27,605.96,603.1370000000001
2016-09-28,605.67,602.546
2016-09-29,603.85,601.912
2016-09-30,609.39,601.9850000000001
2016-10-01,614.82,603.5790000000001
2016-10-02,612.98,605.135
2016-10-03,611.85,606.912
2016-10-04,609.62,607.4860000000001
2016-10-05,607.18,608.0300000000001
2016-10-06,612.08,609.3400000000001
2016-10-07,617.21,610.4650000000001
2016-10-08,614.74,611.3720000000001
2016-10-09,615.65,612.552
2016-10-10,617.54,613.367
2016-10-11,614.77,613.3620000000001
2016-10-12,635.01,615.5650000000002
2016-10-13,635.96,617.9760000000001
2016-10-14,634.02,620.4160000000002
2016-10-15,637.94,623.4920000000002
2016-10-16,641.42,626.4260000000002
2016-10-17,638.97,628.6020000000002
2016-10-18,636.29,630.7570000000003
2016-10-19,629.25,632.1170000000003
2016-10-20,627.72,633.1350000000003
2016-10-21,631.92,634.8500000000004
2016-10-22,655.48,636.8970000000003
2016-10-23,653.25,638.6260000000003
2016-10-24,651.39,640.3630000000004
2016-10-25,655.31,642.1000000000004
2016-10-26,651.45,643.1030000000003
2016-10-27,682.22,647.4280000000003
2016-10-28,687.68,652.5670000000003
2016-10-29,685.91,658.2330000000004
2016-10-30,698.0,665.2610000000003
2016-10-31,702.0,672.2690000000003
2016-11-01,697.01,676.4220000000003
2016-11-02,733.33,684.4300000000003
2016-11-03,686.17,687.9080000000002
2016-11-04,683.69,690.7460000000003
2016-11-05,704.79,696.0800000000003
2016-11-06,712.0,699.0580000000002
2016-11-07,709.96,701.2860000000003
2016-11-08,708.97,703.5920000000003
2016-11-09,720.93,705.8850000000003
2016-11-10,721.5,707.8350000000003
2016-11-11,715.45,709.6790000000003
2016-11-12,703.71,706.7170000000003
2016-11-13,702.28,708.3280000000002
2016-11-14,706.46,710.6050000000002
2016-11-15,710.91,711.2170000000002
2016-11-16,711.73,711.1900000000002
2016-11-17,736.96,713.8900000000001
2016-11-18,747.52,717.7450000000001
2016-11-19,748.98,720.55
2016-11-20,729.06,721.3059999999999
2016-11-21,738.53,723.6139999999999
2016-11-22,736.97,726.9399999999999
2016-11-23,741.63,730.875
2016-11-24,737.45,733.9739999999999
2016-11-25,735.64,736.447
2016-11-26,733.67,738.641
2016-11-27,727.96,737.741
2016-11-28,727.31,735.7199999999999
2016-11-29,732.71,734.093
2016-11-30,742.69,735.4559999999999
2016-12-01,742.05,735.808
2016-12-02,772.43,739.354
2016-12-03,764.33,741.624
2016-12-04,762.97,744.176
2016-12-05,754.63,746.075
2016-12-06,756.62,748.37
2016-12-07,758.99,751.473
2016-12-08,769.72,755.714
2016-12-09,770.02,759.445
2016-12-10,769.08,762.0840000000001
2016-12-11,777.0,765.579
2016-12-12,777.0,766.036
2016-12-13,777.99,767.4019999999999
2016-12-14,774.89,768.5939999999999
2016-12-15,776.75,770.8059999999999
2016-12-16,775.88,772.732
2016-12-17,788.7,775.703
2016-12-18,788.4,777.5709999999999
2016-12-19,788.67,779.4359999999999
2016-12-20,793.09,781.8369999999999
2016-12-21,824.21,786.5579999999999
2016-12-22,834.97,792.3549999999999
2016-12-23,901.31,804.6869999999999
2016-12-24,891.61,816.3589999999998
2016-12-25,892.6,827.9439999999998
2016-12-26,897.33,840.0889999999999
2016-12-27,930.37,854.256
2016-12-28,930.34,868.45
2016-12-29,963.38,885.9209999999999
2016-12-30,952.15,901.8269999999999
2016-12-31,958.12,915.2179999999998
2017-01-01,997.72,931.4929999999998
2017-01-02,1015.97,942.9589999999998
2017-01-03,1013.42,955.1399999999998
2017-01-04,1126.76,978.5559999999998
2017-01-05,994.67,988.2899999999997
2017-01-06,999.65,995.2179999999996
2017-01-07,896.83,991.8669999999996
2017-01-08,908.14,986.3429999999996
2017-01-09,910.49,982.1769999999997
2017-01-10,906.05,976.9699999999996
2017-01-11,785.22,955.7199999999996
2017-01-12,780.92,932.2149999999996
2017-01-13,826.29,913.5019999999997
2017-01-14,817.91,882.6169999999996
2017-01-15,819.55,865.1049999999996
2017-01-16,830.5,848.1899999999996
2017-01-17,903.84,848.8909999999996
2017-01-18,906.6,848.7369999999995
2017-01-19,895.798875,847.2678874999996
2017-01-20,893.6210875,846.0249962499996
2017-01-21,895.64,857.0669962499996
2017-01-22,918.603625,870.8353587499996
2017-01-23,922.0736125,880.4137199999996
2017-01-24,919.97,890.6197199999995
2017-01-25,893.045625,897.9692824999995
2017-01-26,915.95625,906.5149074999994
2017-01-27,915.05,907.6359074999993
2017-01-28,920.31225,909.0071324999993
2017-01-29,915.933,911.0205449999994
2017-01-30,912.19,912.8774362499995
2017-01-31,964.706075,919.7840437499996
2017-02-01,979.703875,925.8940687499995
2017-02-02,983.42,932.0287074999994
2017-02-03,1013.027,941.3344074999995
2017-02-04,1030.999413,955.1297862999994
2017-02-05,1034.07,966.9411612999995
2017-02-06,1024.01375,977.8375362999996
2017-02-07,1050.11,990.8173112999997
2017-02-08,1052.84,1004.5080112999997
2017-02-09,976.103,1010.8993112999995
2017-02-10,999.1035,1014.3390537999994
2017-02-11,997.59,1016.1276662999995
2017-02-12,1000.604625,1017.8461287999995
2017-02-13,999.877375,1016.5311662999995
2017-02-14,1001.2,1013.5512249999996
2017-02-15,1012.325988,1011.3768237999997
2017-02-16,1035.208125,1012.4962612999996
2017-02-17,1035.2,1011.0052612999996
2017-02-18,1056.637138,1011.3849750999996
2017-02-19,1052.779286,1019.0526036999996
2017-02-20,1050.87,1024.2292536999998
2017-02-21,1123.788429,1036.8490965999997
2017-02-22,1123.2231880000004,1049.1109528999998
2017-02-23,1130.01,1062.1242153999997
2017-02-24,1174.86625,1079.4908403999998
2017-02-25,1150.605714,1093.3188129999996
2017-02-26,1150.37,1104.8350004999998
2017-02-27,1190.75195,1120.3901954999997
2017-02-28,1187.565286,1133.4830102999997
2017-03-01,1190.89,1147.2940816999994
2017-03-02,1259.410817,1168.1481633999997
2017-03-03,1285.14,1184.2833204999995
2017-03-04,1287.0,1200.6610016999996
2017-03-05,1270.9333,1214.7533316999995
2017-03-06,1275.197375,1224.7864441999996
2017-03-07,1279.5,1237.6758727999995
2017-03-08,1157.3933,1238.3782027999994
2017-03-09,1192.469143,1238.5499220999995
2017-03-10,1192.09,1239.0023934999995
2017-03-11,1179.159875,1237.8293809999993
2017-03-12,1227.494625,1234.6377617999992
2017-03-13,1227.68,1228.8917617999994
2017-03-14,1245.370786,1224.7288403999994
2017-03-15,1257.399625,1223.3754728999993
2017-03-16,1257.0,1221.5557353999993
2017-03-17,1091.171888,1202.7229241999994
2017-03-18,952.2323625,1182.2068304499994
2017-03-19,967.69,1159.7289161499996
2017-03-20,1049.0844880000002,1145.4283649499996
2017-03-21,1118.630043,1139.3753817499996
2017-03-22,1113.0,1127.9259192499997
2017-03-23,1038.789,1109.0368192499996
2017-03-24,941.9197143,1078.6917120799997
2017-03-25,927.93,1045.7447495799997
2017-03-26,956.7863125,1015.7233808299998
2017-03-27,1037.22925,1010.3291170299997
2017-03-28,1041.04,1019.2098807799997
2017-03-29,1040.5755,1026.4984307799998
2017-03-30,1037.90455,1025.3804369799996
2017-03-31,1034.74,1016.9914326799997
2017-04-01,1086.929571,1014.3843897799998
2017-04-02,1099.169125,1020.4224022799997
2017-04-03,1079.99,1034.2294308499997
2017-04-04,1141.600363,1055.5964671499996
2017-04-05,1133.079314,1073.2257672999997
2017-04-06,1133.53,1082.8558422999997
2017-04-07,1190.45425,1097.7972673
2017-04-08,1181.149838,1111.8547010999996
2017-04-09,1184.03,1126.4672460999998
2017-04-10,1207.744875,1143.7677336
2017-04-11,1226.617038,1157.7364802999998
2017-04-12,1219.09,1169.7285677999998
2017-04-13,1180.023713,1179.7319390999999
2017-04-14,1185.260057,1184.0979085
2017-04-15,1170.36,1187.8259770999998
2017-04-16,1186.927413,1193.1657183999998
2017-04-17,1205.634875,1194.6837808999996
2017-04-18,1176.97,1194.2657970999996
2017-04-19,1217.930088,1197.6558058999995
2017-04-20,1241.686325,1201.0499508999997
2017-04-21,1236.63,1202.0512470999995
2017-04-22,1261.311225,1206.2733695999993
2017-04-23,1257.988113,1214.0698095999992
2017-04-24,1240.84,1219.6278038999994
2017-04-25,1279.414688,1230.5332726999993
2017-04-26,1309.109875,1242.7515188999994
2017-04-27,1288.02,1250.9900313999995
2017-04-28,1331.2944289999996,1266.4224742999995
2017-04-29,1334.9790380000004,1278.1273692999996
2017-04-30,1333.0,1287.2587367999995
2017-05-01,1417.172813,1305.3130180999995
2017-05-02,1452.076288,1324.3895243999996
2017-05-03,1447.55,1343.3457130999996
2017-05-04,1508.292125,1370.0909255999995
2017-05-05,1533.3350710000002,1395.4829638999995
2017-05-06,1518.75,1416.4469763999994
2017-05-07,1535.868429,1441.2318192999994
2017-05-08,1640.619225,1472.1642988999995
2017-05-09,1651.1,1503.7763950999995
2017-05-10,1762.88625,1546.7650200999994
2017-05-11,1820.990563,1587.1467950999995
2017-05-12,1829.0,1624.8391662999995
2017-05-13,1771.920013,1657.2761675999996
2017-05-14,1776.3165,1684.0786050999995
2017-05-15,1780.0,1708.7450979999994
2017-05-16,1739.031975,1730.7732954999997
2017-05-17,1807.485063,1757.9349588999999
2017-05-18,1783.98,1772.2710364
2017-05-19,1961.520488,1803.3130852
2017-05-20,2052.909788,1832.315439
2017-05-21,2008.84,1851.1003827
2017-05-22,2090.662313,1877.2666140000001
2017-05-23,2287.710288,1928.8456415
2017-05-24,2256.32,1976.8459914999999
2017-05-25,2387.206286,2037.5666201
2017-05-26,2211.976857,2084.8611083
2017-05-27,2279.82,2132.094602
2017-05-28,2192.9808,2172.994682
2017-05-29,2275.9307,2204.4357032000003
2017-05-30,2290.02,2228.1467244000005
2017-05-31,2285.933914,2255.8561158
2017-06-01,2399.242671,2286.7141516
2017-06-02,2409.93,2298.9361228000002
2017-06-03,2525.765158,2325.8806386000006
2017-06-04,2516.173143,2338.7773243
2017-06-05,2529.53,2370.5326386
2017-06-06,2883.313697,2430.8820083
2017-06-07,2664.920863,2478.0760146000002
2017-06-08,2683.03,2518.7859445999998
2017-06-09,2827.4913,2572.5330746
2017-06-10,2845.372857,2628.4769688999995
2017-06-11,2898.63,2678.4157017999996
2017-06-12,2657.675063,2703.1902081
2017-06-13,2748.185086,2725.4322008999998
2017-06-14,2706.0,2744.4148866
2017-06-15,2442.48025,2735.7099116
2017-06-16,2464.9598140000007,2693.8745233
2017-06-17,2477.94,2675.176437
2017-06-18,2507.389252,2657.6123622000005
2017-06-19,2617.210263,2636.5842585
2017-06-20,2600.0,2612.0469728000003
2017-06-21,2671.04325,2589.2882978000002
2017-06-22,2727.288013,2596.2495928000003
2017-06-23,2713.48,2592.7790842000004
2017-06-24,2589.164888,2581.095573
2017-06-25,2512.366286,2588.0841766000003
2017-06-26,2502.03,2591.7911952
2017-06-27,2517.903114,2595.7875066
2017-06-28,2585.349186,2603.5834999999997
2017-06-29,2558.3,2597.6924737
2017-06-30,2477.641375,2585.4566111999998
2017-07-01,2501.191343,2568.4714204999996
2017-07-02,2421.26,2537.8686191999996
2017-07-03,2561.225429,2522.6431620999997
2017-07-04,2599.729838,2523.6996570999995
2017-07-05,2598.89,2532.3520284999995
2017-07-06,2609.96775,2543.1458034999996
2017-07-07,2491.201214,2540.4756135
2017-07-08,2502.86,2532.2266948999995
2017-07-09,2536.238938,2530.0205886999997
2017-07-10,2366.170143,2518.8734655
2017-07-11,2327.09,2501.4633311999996
2017-07-12,2385.748571,2497.9121883
2017-07-13,2354.783417,2477.267987099999
2017-07-14,2338.49,2451.144003299999
2017-07-15,2058.9956,2397.1545632999996
2017-07-16,1931.2143,2329.2792182999992
2017-07-17,1910.96,2271.2550968999994
2017-07-18,2320.12225,2252.9813218999993
2017-07-19,2264.7657,2225.8339980999995
2017-07-20,2265.21,2215.7379837999993
2017-07-21,2682.195363,2251.248520099999
2017-07-22,2807.609857,2293.4346486999993
2017-07-23,2825.51,2340.507306999999
2017-07-24,2751.821029,2381.840409899999
2017-07-25,2560.997917,2432.040641599999
2017-07-26,2564.3,2495.349211599999
2017-07-27,2647.625,2569.015711599999
2017-07-28,2781.636583,2615.167144899999
2017-07-29,2784.8,2667.170574899999
2017-07-30,2745.955417,2715.245116599999
2017-07-31,2866.4316670000007,2733.6687469999993
2017-08-01,2862.9,2739.1977612999995
2017-08-02,2693.633983,2726.0101595999995
2017-08-03,2794.117717,2730.2398283999996
2017-08-04,2790.0,2753.1400366999997
2017-08-05,3218.115017,2818.5215383999994
2017-08-06,3252.562533,2879.0152916999996
2017-08-07,3210.2,2921.8716333999996
2017-08-08,3457.374333,2989.1290667
2017-08-09,3357.326317,3050.2661566999996
2017-08-10,3340.28,3097.650989999999
2017-08-11,3632.506667,3174.6116566999995
2017-08-12,3852.802914,3290.5285498
2017-08-13,3868.52,3397.9687780999993
2017-08-14,4282.992,3547.2679780999993
2017-08-15,4217.028329,3647.1593092999988
2017-08-16,4179.97,3739.9000559999995
2017-08-17,4328.725717,3851.7526276999997
2017-08-18,4130.440067,3919.0592011
2017-08-19,4104.71,3993.7975694
2017-08-20,4157.958033,4075.5653727000004
2017-08-21,4043.722,4116.686906000001
2017-08-22,3986.28,4130.0346146
2017-08-23,4174.95,4160.6776146
2017-08-24,4340.3167170000015,4166.4100863
2017-08-25,4331.77,4177.884253400001
2017-08-26,4360.513317,4195.938585100001
2017-08-27,4354.308333,4198.496846700001
2017-08-28,4339.05,4219.357840000001
2017-08-29,4607.98545,4269.685385000001
2017-08-30,4594.98785,4313.3883667
2017-08-31,4582.52,4367.2681667
2017-09-01,4911.740017,4459.8141684
2017-09-02,4580.3874799999985,4500.3579164
2017-09-03,4585.57,4524.8832447
2017-09-04,4344.098317,4526.1160764
2017-09-05,4488.7201399999985,4538.9367587
2017-09-06,4385.02,4542.007925399999
2017-09-07,4654.6585,4573.568775399999
2017-09-08,4310.750183,4543.845248699999
2017-09-09,4312.26,4515.572463699999
2017-09-10,4329.955,4490.315963699999
2017-09-11,4248.090017,4423.950963699999
2017-09-12,4198.59,4385.771215699999
2017-09-13,3961.271267,4323.341342399998
2017-09-14,3319.63,4220.894510699998
2017-09-15,3216.43,4093.6654966999986
2017-09-16,3763.62604,4031.5261006999995
2017-09-17,3746.060783,3940.6663289999997
2017-09-18,3678.53,3877.4443106999997
2017-09-19,3943.413333,3840.5596439999995
2017-09-20,3977.561667,3805.3203106999995
2017-09-21,3894.48,3769.9593089999994
2017-09-22,3637.50255,3713.8505639999994
2017-09-23,3776.3869,3695.3621273
2017-09-24,3777.62,3741.1611273000003
2017-09-25,3942.555,3813.7736273
2017-09-26,3910.307383,3828.4417616
2017-09-27,3881.0,3841.9356832999997
2017-09-28,4201.98905,3894.2815883000003
2017-09-29,4193.574667,3919.2977217000007
2017-09-30,4164.27,3937.968555000001
2017-10-01,4360.7229670000015,3984.5928517000007
2017-10-02,4386.88375,4059.530971700001
2017-10-03,4394.07,4121.299281700001
2017-10-04,4225.175,4166.0547817000015
2017-10-05,4338.852,4205.684481700001
2017-10-06,4318.58,4246.511743400001
2017-10-07,4376.191667,4296.030910100001
2017-10-08,4602.2808829999985,4336.060093400001
2017-10-09,4605.66,4377.268626700001
2017-10-10,4782.28,4439.0696267
2017-10-11,4819.485767,4484.945906700001
2017-10-12,4822.17,4528.4745317
2017-10-13,5563.806567000001,4645.4481884
2017-10-14,5739.438733,4796.8745617
2017-10-15,5825.99,4945.5883617
2017-10-16,5711.2058670000015,5084.850948400001
2017-10-17,5603.7129399999985,5207.6030757
2017-10-18,5594.66,5306.840987400001
2017-10-19,5727.6335,5419.038337399999
2017-10-20,5979.45984,5538.7563214
2017-10-21,5986.44,5655.451744700001
2017-10-22,5983.18455,5771.553199700001
2017-10-23,5876.079867,5802.7805297
2017-10-24,5900.59,5818.895656400001
2017-10-25,5669.622533,5803.258909700001
2017-10-26,5893.138417,5821.452164700001
2017-10-27,5889.82,5850.062870700001
2017-10-28,5776.69695,5868.266565700001
2017-10-29,6155.4340200000015,5911.046617700001
2017-10-30,6136.49,5926.7496337
2017-10-31,6388.6451670000015,5966.9701504
2017-11-01,6665.306683,6035.182363700001
2017-11-02,6751.98,6122.772377000001
2017-11-03,7197.72006,6252.485383000001
2017-11-04,7437.5433170000015,6429.277461400002
2017-11-05,7365.99,6576.562619700002
2017-11-06,6989.071667,6686.487786400003
2017-11-07,7092.127233,6818.030814700003
2017-11-08,7128.64,6915.3514127000035
2017-11-09,7158.03706,7017.506118700003
2017-11-10,6719.39785,7050.581387000003
2017-11-11,6569.22,7040.972718700003
2017-11-12,5716.301583,6937.404877000003
2017-11-13,6550.227533,6872.655624300003
2017-11-14,6493.63,6778.264292600003
2017-11-15,7301.42992,6771.808284600003
2017-11-16,7815.0307,6854.404187900004
2017-11-17,7868.77,6932.068464600004
2017-11-18,7817.140383,7000.918502900005
2017-11-19,8007.654067,7085.880203600003
2017-11-20,8049.72,7218.912418600003
2017-11-21,8059.8,7367.9704186000035
2017-11-22,8268.035,7623.143760300003
2017-11-23,8236.72,7791.793007000003
2017-11-24,8250.978333,7967.527840300003
2017-11-25,8707.407267,8108.125575000004
2017-11-26,8768.8,8203.502505000004
2017-11-27,9718.29505,8388.455010000003
2017-11-28,9952.50882,8601.991853700003
2017-11-29,9919.0,8793.126447000004
2017-11-30,10147.372,9002.891647000004
2017-12-01,10883.912,9285.302847000003
2017-12-02,10879.88,9546.487347000004
2017-12-03,11332.622,9856.077547000004
2017-12-04,11584.83,10189.462713700004
2017-12-05,11591.22,10477.843987000004
2017-12-06,13540.98,10955.061987000005
2017-12-07,16501.97167,11633.429649000003
2017-12-08,16860.88,12324.266767000005
2017-12-09,15142.83415,12846.650182000003
2017-12-10,14869.805,13318.893482000003
2017-12-11,15068.95,13737.397282000002
2017-12-12,17276.393330000006,14377.048615000002
2017-12-13,16808.36667,14924.623082
2017-12-14,16252.31,15391.371082000001
2017-12-15,17771.9,16009.439082
2017-12-16,19498.68333,16605.209414999998
2017-12-17,19279.9,16883.002247999997
2017-12-18,18961.85667,17093.099915
2017-12-19,17737.11167,17352.527667
2017-12-20,17382.94,17603.841167
2017-12-21,16047.51,17701.697167
2017-12-22,15190.945,17493.152334000002
2017-12-23,13776.61,17189.976667000003
2017-12-24,13949.175,16959.663167000002
2017-12-25,14119.02833,16594.376000000004
2017-12-26,13740.94,16018.601667000004
2017-12-27,15589.32167,15649.543834000006
2017-12-28,14380.58167,15191.416334000003
2017-12-29,14214.01,14839.106167000002
2017-12-30,13215.574,14422.369567000002
2017-12-31,14165.575,14234.176067000002
2018-01-01,13796.0,14094.681567000001
2018-01-02,15005.85667,14217.606234
2018-01-03,15053.261669999998,14328.014900999999
2018-01-04,15039.24,14420.036067999998
2018-01-05,17174.12,14763.354067999997
2018-01-06,17319.198,14936.341700999998
2018-01-07,17155.95,15213.878534
2018-01-08,15265.906669999997,15319.068200999998
2018-01-09,14714.25333,15468.936134
2018-01-10,14437.42,15496.120634
2018-01-11,13296.794,15446.200034
2018-01-12,13912.882,15336.902567000001
2018-01-13,13791.19,15210.6954
2018-01-14,13852.92,15092.063400000003
2018-01-15,14012.196000000002,14775.871000000003
2018-01-16,13554.14,14399.3652
2018-01-17,11116.94667,13795.464866999999
2018-01-18,11345.42333,13403.416533
2018-01-19,11174.82,13049.473199999999
2018-01-20,12950.79333,12900.810533
2018-01-21,11505.228,12721.653933
2018-01-22,11513.42,12481.707733
2018-01-23,11223.063999999997,12224.895133
2018-01-24,11282.25833,11967.828966
2018-01-25,11392.03,11705.812366
2018-01-26,10969.815,11447.379866
2018-01-27,11524.77667,11488.162865999999
2018-01-28,11431.37,11496.757532999998
2018-01-29,11212.655,11500.541032999998
2018-01-30,10184.06167,11223.867866999997
2018-01-31,10082.52,11081.597066999999
2018-02-01,9083.258333,10838.5809003
2018-02-02,8901.901667,10606.464666999998
2018-02-03,8852.73,10363.511833999999
2018-02-04,8400.648333,10064.373667299998
2018-02-05,6838.816667,9651.273834
2018-02-06,6925.46,9191.342166999999
2018-02-07,8099.958333,8858.2010003
2018-02-08,8240.536667,8560.989167000002
2018-02-09,8245.08,8367.091000000002
2018-02-10,8319.876565999999,8190.8266566
2018-02-11,8343.455,8116.8463233
2018-02-12,8068.02,8033.458156600001
2018-02-13,8597.7675,8007.961906600001
2018-02-14,9334.633333,8101.360406600002
2018-02-15,9471.64,8364.6427399
2018-02-16,10127.16167,8684.8129069
2018-02-17,10841.99167,8959.0162406
2018-02-18,11085.83,9243.5455739
2018-02-19,11110.965,9530.1340739
2018-02-20,11390.39167,9837.185584300001
2018-02-21,11245.98,10127.4380843
2018-02-22,9931.071667,10313.743251
2018-02-23,10162.11667,10470.178168
2018-02-24,10171.3,10553.8448347
2018-02-25,9696.593333,10576.340167999999
2018-02-26,10348.60333,10598.484333999999
2018-02-27,10319.46,10546.231167
2018-02-28,10370.165,10474.664667
2018-03-01,11009.38167,10464.506334
2018-03-02,10931.12,10418.579167
2018-03-03,11326.94833,10426.676
2018-03-04,11430.18167,10576.5870003
2018-03-05,11516.83,10712.0583333
2018-03-06,10763.19833,10771.2481663
2018-03-07,10118.058,10813.394633
2018-03-08,9920.46,10770.580300000001
2018-03-09,9089.278333,10647.562133300002
2018-03-10,8746.002,10485.145833300001
2018-03-11,8777.37,10261.944666300002
2018-03-12,9182.843333,10087.1169996
2018-03-13,9154.7,9869.8921666
2018-03-14,9153.54,9642.2279996
2018-03-15,8358.121667,9326.3571663
2018-03-16,8530.402,9103.0775333
2018-03-17,8297.89,8921.060733299999
2018-03-18,8171.415,8746.1562333
2018-03-19,8412.033333,8678.4317333
2018-03-20,8605.64,8664.395533300001
2018-03-21,8947.753333,8681.4338666
2018-03-22,8690.408333,8632.190366600002
2018-03-23,8725.37,8589.2573666
2018-03-24,8662.378333,8540.141199900001
2018-03-25,8617.296667,8566.0586999
2018-03-26,8457.96,8558.814499900001
2018-03-27,7876.195,8516.6449999
2018-03-28,7960.38,8495.541499900002
2018-03-29,7950.61,8449.399166600002
2018-03-30,6882.531667,8277.088333300002
2018-03-31,6935.48,8075.861000000002
2018-04-01,6937.56,7900.5761667000015
2018-04-02,7035.848333,7731.624000000002
2018-04-03,7410.435,7606.429666700002
2018-04-04,7426.48,7487.348000000001
2018-04-05,6826.51,7324.203000000001
2018-04-06,6603.876667,7196.971166700001
2018-04-07,6634.68,7064.401166700001
2018-04-08,7017.656667,6971.105833400002
2018-04-09,6699.273333,6952.780000000002
2018-04-10,6784.41,6937.6730000000025
2018-04-11,6926.266667,6936.543666700003
2018-04-12,7847.845,7017.743333400003
2018-04-13,7941.46,7070.845833400004
2018-04-14,8036.511051,7131.848938500004
2018-04-15,8340.748333,7283.272771800004
2018-04-16,8368.1,7459.695105100004
2018-04-17,7895.416926000001,7585.768797700005
2018-04-18,8164.937426,7700.4968736000055
2018-04-19,8175.96,7848.165540300006
2018-04-20,8852.718333,8054.9963736000045
2018-04-21,8807.205,8243.090206900004
2018-04-22,8930.6,8351.365706900006
2018-04-23,8933.861667000001,8450.605873600005
2018-04-24,9555.542,8602.508968500006
2018-04-25,9658.11,8734.245135200006
2018-04-26,9258.398333,8823.274968500005
2018-04-27,9010.32,8934.765275900005
2018-04-28,8928.55,9011.126533300005
2018-04-29,9334.281667,9126.958700000005
2018-04-30,9259.57,9167.643866700004
2018-05-01,9239.55,9210.878366700004
2018-05-02,9221.426,9239.960966700004
2018-05-03,9639.268333,9310.501633300004
2018-05-04,9753.35,9330.282433300004
2018-05-05,9803.306667,9344.802100000004
2018-05-06,9630.136277,9381.975894400002
2018-05-07,9631.44,9444.087894400003
2018-05-08,9228.608333,9474.093727700001
2018-05-09,9322.041667,9472.869727700001
2018-05-10,9310.37,9477.949727700001
2018-05-11,8468.788,9400.873527700001
2018-05-12,8484.346667,9327.165594400003
2018-05-13,8463.52,9209.590761100004
2018-05-14,8652.038333,9099.459594400003
2018-05-15,8511.458,8970.274727700003
2018-05-16,8471.06,8854.367100000003
2018-05-17,8106.1183329999985,8701.834933300002
2018-05-18,8240.055,8602.979600000002
2018-05-19,8239.08,8494.683433300004
2018-05-20,8507.406667,8414.387100000004
2018-05-21,8385.556187,8406.063918700003
2018-05-22,8396.63,8397.292252000003
2018-05-23,7555.74,8306.514252000004
2018-05-24,7566.193333,8197.929752000004
2018-05-25,7576.78,8104.461952000003
2018-05-26,7342.9083329999985,7991.646785300004
2018-05-27,7361.831667,7917.218118700005
2018-05-28,7344.56,7827.668618700004
2018-05-29,7459.876667,7749.7482854000045
2018-05-30,7385.395,7637.547118700005
2018-05-31,7386.72,7537.663500000005
2018-06-01,7535.146667,7451.515166700005
2018-06-02,7645.146667,7460.455833400003
2018-06-03,7637.14,7467.550500100003
2018-06-04,7500.273333,7459.899833400003
2018-06-05,7615.722142,7487.181214300003
2018-06-06,7619.43,7512.941047600002
2018-06-07,7676.271667,7546.112214300001
2018-06-08,7620.153333,7562.1398809
2018-06-09,7615.54,7585.1543808999995
2018-06-10,6776.888333,7524.171214199999
2018-06-11,6875.678333,7458.2243808
2018-06-12,6879.31,7381.6407141
2018-06-13,6315.7,7249.4967141
2018-06-14,6647.013333,7164.170714100001
2018-06-15,6637.41,7066.339499900001
2018-06-16,6509.426667,6955.339166600001
2018-06-17,6464.411667,6834.153166600001
2018-06-18,6445.79,6716.716833300001
2018-06-19,6737.0,6628.8628333
2018-06-20,6714.718333,6622.6458333
2018-06-21,6760.83,6611.161
2018-06-22,6332.573333,6556.4873333
2018-06-23,6141.605833,6539.0779166
2018-06-24,6170.46,6491.4225833
2018-06-25,6211.4475,6448.8263333
2018-06-26,6218.595,6419.7431666
2018-06-27,6097.46,6383.0479999
2018-06-28,6107.896154,6349.2586153
2018-06-29,5908.7025,6266.4288653
2018-06-30,6223.28,6217.285032000001
2018-07-01,6374.754167,6178.6774487
2018-07-02,6466.0691670000015,6192.027032100001
2018-07-03,6626.44,6240.510448800001
2018-07-04,6593.289167,6282.793365500001
2018-07-05,6603.376667,6321.986282200001
2018-07-06,6555.51,6355.677782200001
2018-07-07,6594.281667,6405.359948900002
2018-07-08,6753.559167,6469.926250200001
2018-07-09,6724.04,6551.460000200002
2018-07-10,6510.791667,6580.211166900002
2018-07-11,6377.363333,6580.472083500002
2018-07-12,6403.18,6574.183166800001
2018-07-13,6244.3575,6535.974916800001
2018-07-14,6241.0,6500.746000100001
2018-07-15,6248.84,6465.292333400001
2018-07-16,6514.390833,6461.1804167
2018-07-17,6869.910833,6488.7433333
2018-07-18,7321.62,6545.549416600001
2018-07-19,7396.401667,6612.785583300001
2018-07-20,7428.045,6704.510916600001
2018-07-21,7334.99,6800.2735833000015
2018-07-22,7451.289167,6905.084500000002
2018-07-23,7689.884167,7049.637166700001
2018-07-24,7715.1,7197.047166700002
2018-07-25,8251.165,7397.279666700002
2018-07-26,8187.324167,7564.573000100002
2018-07-27,7939.81,7671.562916800001
2018-07-28,8182.251667,7757.626083500002
2018-07-29,8206.341667,7838.620083500003
2018-07-30,8220.91,7917.906583500003
2018-07-31,7916.800833,7976.087666800003
2018-08-01,7570.869167,7988.045666800002
2018-08-02,7607.7,7979.827250100003
2018-08-03,7394.499167,7947.767166800002
2018-08-04,7247.769167,7847.427583500003
2018-08-05,7011.28,7729.823166800003
2018-08-06,6988.079167,7634.650083500002
2018-08-07,6993.513333,7515.776250100002
2018-08-08,6718.23,7366.965083400001
2018-08-09,6396.7725,7184.551333400002
2018-08-10,6396.494667,7032.520716800002
2018-08-11,6138.96,6889.329800100003
2018-08-12,6311.1316670000015,6759.672966800004
2018-08-13,6347.07,6654.930050100005
2018-08-14,6252.13,6555.366133400004
2018-08-15,6362.676923,6490.505825700005
2018-08-16,6342.629231,6425.960832100005
2018-08-17,6312.75,6357.884498800005
2018-08-18,6436.7208329999985,6329.733582100004
2018-08-19,6404.063333,6330.462665400004
2018-08-20,6486.58,6339.471198700005
2018-08-21,6401.246154,6365.699814100005
2018-08-22,6575.229167,6392.109564100005
2018-08-23,6354.57,6392.859564100005
2018-08-24,6543.645714,6422.0111355000045
2018-08-25,6719.429231,6457.686366300005
2018-08-26,6738.27,6497.250443200004
2018-08-27,6719.266154000001,6537.902058600004
2018-08-28,7000.04,6594.233975300003
2018-08-29,7078.19,6661.646642000004
2018-08-30,6932.6625,6706.2548920000045
2018-08-31,6981.946154,6764.324892000004
2018-09-01,7018.78,6808.679975300004
2018-09-02,7247.935385,6898.016513800004
2018-09-03,7260.949231,6969.746865500005
2018-09-04,7265.08,7024.311942400005
2018-09-05,7113.069231,7061.791865500005
2018-09-06,6433.271667,7033.192416800004
2018-09-07,6501.19,6983.307416800004
2018-09-08,6366.1075,6912.099166800003
2018-09-09,6286.425833,6847.475500100003
2018-09-10,6240.98,6773.378884700003
2018-09-11,6296.320833,6701.1329680000035
2018-09-12,6273.1375,6603.653179500005
2018-09-13,6326.04,6510.1622564000045
2018-09-14,6499.0625,6433.560506400005
2018-09-15,6518.655,6374.119083300005
2018-09-16,6522.39,6383.030916600004
2018-09-17,6400.600833,6372.9719999000035
2018-09-18,6296.6316670000015,6366.024416600004
2018-09-19,6342.39,6371.620833300004
2018-09-20,6418.562667,6389.379100000004
2018-09-21,6669.990833,6426.746100000004
2018-09-22,6756.12,6475.044350000005
2018-09-23,6710.445,6513.484850000004
2018-09-24,6639.304167,6527.509016700004
2018-09-25,6583.45,6533.988516700005
2018-09-26,6468.6316670000015,6528.612683400004
2018-09-27,6535.476667,6542.100266800006
2018-09-28,6686.08,6581.045100100006
2018-09-29,6550.474167,6601.853516800006
2018-09-30,6593.135,6619.310750100007
2018-10-01,6611.02,6613.4136668000065
2018-10-02,6562.641667,6594.065833500006
2018-10-03,6470.4025,6570.061583500006
2018-10-04,6483.73,6554.504166800007
2018-10-05,6568.549167,6553.014083500007
2018-10-06,6581.486667,6564.2995835000065
2018-10-07,6573.62,6568.113916800006
2018-10-08,6618.567692000001,6561.362686000006
2018-10-09,6621.711667000001,6568.4864360000065
2018-10-10,6626.85,6571.857936000006
2018-10-11,6248.635833,6535.619519300006
2018-10-12,6260.530833,6505.408435900006
2018-10-13,6247.0,6483.068185900006
2018-10-14,6299.399167000001,6464.635102600007
2018-10-15,6452.571667,6453.037352600007
2018-10-16,6599.17,6454.805685900007
2018-10-17,6596.276154,6457.071301300007
2018-10-18,6568.040769,6452.018609000006
2018-10-19,6509.61,6440.8084423000055
2018-10-20,6488.825833,6427.006025600006
2018-10-21,6531.601667,6455.302609000007
2018-10-22,6504.78,6479.7275257000065
2018-10-23,6481.426,6503.170125700007
2018-10-24,6508.31,6524.061209000006
2018-10-25,6489.77,6527.781042300006
2018-10-26,6473.753333,6515.2393756000065
2018-10-27,6465.9175,6502.203510200006
2018-10-28,6457.21,6491.120433300007
2018-10-29,6382.668333,6478.426266600007
2018-10-30,6309.452857,6460.488969000007
2018-10-31,6301.61,6437.489802300007
2018-11-01,6342.280833,6421.239885600006
2018-11-02,6387.674167,6411.864702300007
2018-11-03,6390.42,6400.075702300006
2018-11-04,6391.873333,6390.2860356000065
2018-11-05,6436.965,6386.607202300006
2018-11-06,6437.76,6383.791452300006
2018-11-07,6538.79,6391.949452300007
2018-11-08,6486.251667,6402.307785700007
2018-11-09,6444.97,6415.859500000008
2018-11-10,6399.0333329999985,6425.6018333000075
2018-11-11,6378.268333,6429.200583300008
2018-11-12,6408.53,6431.286166600008
2018-11-13,6372.063333,6429.450499900007
2018-11-14,6176.155,6407.878666600007
2018-11-15,5756.77,6339.859166600008
2018-11-16,5596.1925,6255.702416600007
2018-11-17,5558.2433329999985,6157.6477499000075
2018-11-18,5572.44,6066.2665832000075
2018-11-19,5303.9425,5952.163833200007
2018-11-20,4671.97,5779.457499900007
2018-11-21,4491.98,5590.828666600008
2018-11-22,4548.7975,5404.855416600008
2018-11-23,4309.3375,5198.582833300008
2018-11-24,4352.98,5016.265333300008
2018-11-25,3823.511667,4822.939500000008
2018-11-26,3920.536667,4655.373916700008
2018-11-27,3793.35,4478.884583400008
2018-11-28,4103.453846,4331.985968000008
2018-11-29,4263.7833329999985,4227.970051300008
2018-11-30,4278.77,4188.650051300008
2018-12-01,4116.7775,4151.129801300008
2018-12-02,4167.546667000001,4113.004718000008
2018-12-03,4140.6,4096.130968000008
2018-12-04,3961.493333,4056.982301300008
2018-12-05,3858.349167,4060.466051300008
2018-12-06,3744.98,4042.9103846000085
2018-12-07,3405.643333,4004.1397179000087
2018-12-08,3435.34,3937.3283333000086
2018-12-09,3453.66,3856.316000000009
2018-12-10,3523.96,3780.8350000000087
2018-12-11,3426.19,3711.7762500000085
2018-12-12,3407.28,3635.749583300008
2018-12-13,3406.7625,3562.365833300008
2018-12-14,3278.3741670000004,3494.0539167000084
2018-12-15,3242.42,3432.461000000008
2018-12-16,3271.238333,3385.086833300008
2018-12-17,3392.405,3383.7630000000077
2018-12-18,3556.54,3395.8830000000075
2018-12-19,3808.0425,3431.3212500000072
2018-12-20,3982.850833,3477.2103333000073
2018-12-21,4135.19,3548.1103333000074
2018-12-22,3910.973333,3598.4796666000075
2018-12-23,4027.478333,3660.551249900008
2018-12-24,3995.17,3732.2308332000075
2018-12-25,3813.88,3789.3768332000072
2018-12-26,3825.379167,3844.790916600007
2018-12-27,3848.21,3890.3714166000073
2018-12-28,3743.905,3909.107916600007
2018-12-29,3912.285833,3919.5322499000067
2018-12-30,3770.36,3898.283166600007
2018-12-31,3791.545833,3863.9187499000063
2019-01-01,3752.271667,3848.0485833000066
2019-01-02,3855.88,3830.8887500000064
2019-01-03,3865.7975,3817.9515000000065
2019-01-04,3822.626667,3818.8261667000065
2019-01-05,3856.62,3821.9502500000067
2019-01-06,3920.456667,3829.1749167000066
2019-01-07,4036.093333,3858.3937500000065
2019-01-08,4032.25,3870.3901667000064
2019-01-09,4034.138333,3896.7680000000064
2019-01-10,3812.585833,3898.8720000000067
2019-01-11,3646.25,3888.2698333000067
2019-01-12,3646.345833,3867.316416600007
2019-01-13,3599.841667,3840.7208333000067
2019-01-14,3531.96,3811.654166600007
2019-01-15,3656.785,3791.6706666000073
2019-01-16,3621.270833,3761.7520832000073
2019-01-17,3621.43,3720.285749900008
2019-01-18,3632.395,3680.3002499000077
2019-01-19,3690.523333,3645.9387499000068
2019-01-20,3703.98,3635.0781666000066
2019-01-21,3548.4275,3625.2959166000064
2019-01-22,3540.02,3614.6633333000063
2019-01-23,3587.35,3613.414166600006
2019-01-24,3566.4,3616.8581666000064
2019-01-25,3586.25,3609.804666600007
2019-01-26,3577.79,3605.4565833000065
2019-01-27,3576.3,3600.943583300007
2019-01-28,3554.5,3593.1540833000063
2019-01-29,3448.58,3568.9597500000064
2019-01-30,3421.6,3540.7217500000065
2019-01-31,3470.0,3532.8790000000067
2019-02-01,3444.81,3523.3580000000065
2019-02-02,3475.33,3512.156000000007
2019-02-03,3506.22,3506.138000000007
2019-02-04,3456.02,3493.1150000000066
2019-02-05,3452.35,3480.5710000000063
2019-02-06,3467.34,3469.6750000000065
2019-02-07,3405.7,3454.7950000000064
2019-02-08,3394.76,3449.4130000000064
2019-02-09,3661.08,3473.3610000000067
2019-02-10,3664.38,3492.7990000000063
2019-02-11,3686.29,3516.947000000006
2019-02-12,3629.47,3532.361000000006
2019-02-13,3632.42,3544.9810000000057
2019-02-14,3614.5,3560.829000000005
2019-02-15,3600.31,3575.625000000005
2019-02-16,3608.2,3589.7110000000052
2019-02-17,3619.55,3611.096000000005
2019-02-18,3670.74,3638.6940000000045
2019-02-19,3910.8,3663.6660000000047
2019-02-20,3926.53,3689.881000000005
2019-02-21,3987.18,3719.970000000005
2019-02-22,3944.88,3751.5110000000045
2019-02-23,3983.48,3786.6170000000047
2019-02-24,4139.6,3839.127000000005
2019-02-25,3766.89,3855.785000000005
2019-02-26,3848.33,3879.7980000000052
2019-02-27,3831.45,3900.988000000005
2019-02-28,3833.23,3917.2370000000055
2019-03-01,3850.08,3911.1650000000054
2019-03-02,3834.62,3901.9740000000056
2019-03-03,3831.44,3886.400000000006
2019-03-04,3814.58,3873.3700000000063
2019-03-05,3730.98,3848.1200000000063
2019-03-06,3872.25,3821.3850000000066
2019-03-07,3876.85,3832.381000000006
2019-03-08,3886.82,3836.230000000006
2019-03-09,3875.96,3840.6810000000064
2019-03-10,3950.56,3852.4140000000057
2019-03-11,3928.17,3860.2230000000054
2019-03-12,3881.09,3864.8700000000053
2019-03-13,3892.51,3870.9770000000053
2019-03-14,3877.77,3877.296000000005
2019-03-15,3885.21,3892.7190000000046
2019-03-16,3936.5,3899.144000000005
2019-03-17,4015.95,3913.0540000000046
2019-03-18,3994.92,3923.864000000004
2019-03-19,3998.77,3936.145000000004
2019-03-20,4029.11,3944.0000000000045
2019-03-21,4056.4,3956.823000000005
2019-03-22,3992.34,3967.948000000004
2019-03-23,3999.06,3978.6030000000037
2019-03-24,4011.92,3992.0180000000037
2019-03-25,3994.11,4002.908000000004
2019-03-26,3935.89,4002.847000000004
2019-03-27,3947.74,3996.026000000004
2019-03-28,4048.51,4001.3850000000043
2019-03-29,4037.37,4005.245000000005
2019-03-30,4115.55,4013.889000000005
2019-03-31,4114.44,4019.693000000005
2019-04-01,4114.16,4031.875000000006
2019-04-02,4152.53,4047.222000000006
2019-04-03,4882.88,4134.318000000006
2019-04-04,4959.81,4230.888000000005
2019-04-05,4911.24,4328.423000000005
2019-04-06,5028.77,4436.526000000005
2019-04-07,5053.52,4537.027000000005
2019-04-08,5189.39,4652.229000000005
2019-04-09,5268.71,4767.545000000004
2019-04-10,5175.81,4873.682000000003
2019-04-11,5310.18,4993.284000000003
2019-04-12,5035.02,5081.533000000003
2019-04-13,5072.85,5100.530000000003
2019-04-14,5064.62,5111.011000000004
2019-04-15,5152.51,5135.1380000000045
2019-04-16,5036.18,5135.879000000004
2019-04-17,5196.65,5150.192000000005
2019-04-18,5220.37,5153.290000000005
2019-04-19,5276.31,5154.050000000005
2019-04-20,5277.04,5164.173000000005
2019-04-21,5309.28,5164.083000000005
2019-04-22,5281.83,5188.764000000006
2019-04-23,5377.19,5219.198000000006
2019-04-24,5518.16,5264.552000000006
2019-04-25,5434.19,5292.720000000007
2019-04-26,5195.61,5308.663000000006
2019-04-27,5292.83,5318.281000000006
2019-04-28,5280.19,5324.263000000006
2019-04-29,5301.29,5326.761000000007
2019-04-30,5260.65,5325.122000000007
2019-05-01,5269.79,5321.173000000007
2019-05-02,5326.67,5325.6570000000065
2019-05-03,5390.16,5326.954000000007
2019-05-04,5657.14,5340.852000000006
2019-05-05,5771.08,5374.5410000000065
2019-05-06,5717.66,5426.7460000000065
2019-05-07,5684.47,5465.910000000006
2019-05-08,5755.72,5513.463000000006
2019-05-09,5936.72,5577.006000000007
2019-05-10,6146.91,5665.632000000007
2019-05-11,6348.02,5773.455000000006
2019-05-12,7248.31,5965.619000000006
2019-05-13,6978.63,6124.466000000006
2019-05-14,7823.11,6341.063000000006
2019-05-15,7992.69,6563.224000000005
2019-05-16,8206.9,6812.148000000004
2019-05-17,7885.96,7032.297000000004
2019-05-18,7362.22,7192.947000000005
2019-05-19,7265.05,7325.780000000004
2019-05-20,8193.7,7530.459000000004
2019-05-21,8007.03,7696.360000000003
2019-05-22,7952.5,7766.779000000004
2019-05-23,7625.93,7831.509000000003
2019-05-24,7880.29,7837.227000000002
2019-05-25,8003.26,7838.2840000000015
2019-05-26,8071.45,7824.739000000001
2019-05-27,8744.42,7910.585000000001
2019-05-28,8770.06,8051.369000000001
2019-05-29,8719.88,8196.852
2019-05-30,8662.98,8243.78
2019-05-31,8272.46,8270.323
2019-06-01,8553.81,8330.454000000002
2019-06-02,8554.8,8423.341000000002
2019-06-03,8739.03,8509.215000000002
2019-06-04,8134.92,8522.381000000003
2019-06-05,7675.8,8482.816000000003
2019-06-06,7786.04,8386.978000000003
2019-06-07,7803.23,8290.295000000002
2019-06-08,7998.29,8218.136000000002
2019-06-09,7931.34,8144.972000000002
2019-06-10,7640.61,8081.787000000001
2019-06-11,8020.38,8028.444000000001
2019-06-12,7917.58,7964.722000000002
2019-06-13,8173.06,7908.125000000002
2019-06-14,8237.88,7918.421000000002
2019-06-15,8693.6,8020.201000000003
2019-06-16,8859.47,8127.5440000000035
2019-06-17,8978.99,8245.120000000004
2019-06-18,9327.48,8378.039000000004
2019-06-19,9076.18,8492.523000000005
2019-06-20,9281.7,8656.632000000003
2019-06-21,9531.35,8807.729000000003
2019-06-22,10209.38,9036.909000000003
2019-06-23,10668.63,9286.466000000004
2019-06-24,10814.48,9544.126000000004
2019-06-25,11017.5,9776.516000000003
2019-06-26,11766.4,10067.209000000003
2019-06-27,12932.55,10462.565000000002
2019-06-28,11132.85,10643.102000000003
2019-06-29,12374.35,10972.919000000004
2019-06-30,11890.38,11233.787000000004
2019-07-01,10737.73,11354.425000000003
2019-07-02,10578.72,11391.359000000002
2019-07-03,10805.4,11405.036000000002
2019-07-04,11984.76,11522.064000000002
2019-07-05,11160.49,11536.363000000001
2019-07-06,10955.16,11455.239000000003
2019-07-07,11232.04,11285.188000000004
2019-07-08,11477.01,11319.604000000003
2019-07-09,12313.08,11313.477000000003
2019-07-10,12586.78,11383.117000000002
2019-07-11,12099.9,11519.334
2019-07-12,11352.87,11596.749
2019-07-13,11803.97,11696.606000000002
2019-07-14,11389.1,11637.040000000003
2019-07-15,10186.96,11539.687000000002
2019-07-16,10873.5,11531.521000000002
2019-07-17,9397.72,11348.089000000002
2019-07-18,9674.28,11167.816000000003
2019-07-19,10638.56,11000.364000000001
2019-07-20,10535.75,10795.261000000002
2019-07-21,10764.9,10661.761000000002
2019-07-22,10587.41,10585.215000000002
2019-07-23,10323.62,10437.180000000002
2019-07-24,9844.3,10282.7
2019-07-25,9772.17,10241.221000000001
2019-07-26,9875.17,10141.388
2019-07-27,9848.65,10186.481
2019-07-28,9473.99,10166.452000000001
2019-07-29,9530.0,10055.596000000001
2019-07-30,9501.33,9952.154
2019-07-31,9589.13,9834.577000000001
2019-08-01,10084.7,9784.306
2019-08-02,10407.17,9792.661000000002
2019-08-03,10529.55,9861.186000000002
2019-08-04,10814.57,9965.426000000001
2019-08-05,10980.23,10075.932
2019-08-06,11787.99,10269.866000000002
2019-08-07,11465.67,10469.034000000001
2019-08-08,11960.82,10712.116
2019-08-09,11996.41,10961.624
2019-08-10,11856.64,11188.375
2019-08-11,11282.22,11308.127
2019-08-12,11566.84,11424.094000000001
2019-08-13,11386.26,11509.765
2019-08-14,10858.12,11514.119999999999
2019-08-15,10016.96,11417.793
2019-08-16,10302.17,11269.211
2019-08-17,10359.44,11158.588
2019-08-18,10214.52,10983.958
2019-08-19,10317.6,10816.077000000001
2019-08-20,10917.26,10722.139
2019-08-21,10760.56,10669.973
2019-08-22,10129.4,10526.229
2019-08-23,10111.98,10398.801
2019-08-24,10405.81,10353.57
2019-08-25,10143.8,10366.253999999999
2019-08-26,10135.06,10349.543
2019-08-27,10360.28,10349.626999999999
2019-08-28,10171.95,10345.369999999999
2019-08-29,9717.82,10285.391999999998
2019-08-30,9484.55,10142.121
2019-08-31,9577.99,10023.864
2019-09-01,9600.9,9971.014
2019-09-02,9769.79,9936.795000000002
2019-09-03,10386.64,9934.878
2019-09-04,10621.29,9982.627000000002
2019-09-05,10584.16,10027.537000000002
2019-09-06,10577.8,10049.289000000002
2019-09-07,10317.47,10063.841000000004
2019-09-08,10487.21,10140.780000000002
2019-09-09,10406.31,10232.956000000002
2019-09-10,10313.66,10306.523000000001
2019-09-11,10101.03,10356.536000000002
2019-09-12,10159.32,10395.489000000001
2019-09-13,10420.16,10398.841000000002
2019-09-14,10363.9,10373.102000000003
2019-09-15,10361.33,10350.819000000001
2019-09-16,10310.43,10324.082
2019-09-17,10265.63,10318.898000000001
2019-09-18,10190.36,10289.213000000002
2019-09-19,10157.59,10264.341000000002
2019-09-20,10275.88,10260.563000000002
2019-09-21,10173.11,10267.771000000002
2019-09-22,9979.49,10249.788000000002
2019-09-23,10033.05,10211.077000000001
2019-09-24,9683.38,10143.025000000003
2019-09-25,8553.61,9962.253000000002
2019-09-26,8432.23,9774.433000000003
2019-09-27,8055.64,9553.434000000003
2019-09-28,8193.9,9353.788000000002
2019-09-29,8225.0,9160.529000000002
2019-09-30,8056.74,8938.615000000002
2019-10-01,8307.74,8752.078000000003
2019-10-02,8322.92,8586.421000000002
2019-10-03,8382.03,8421.319000000001
2019-10-04,8236.17,8276.598000000002
2019-10-05,8155.48,8236.785
2019-10-06,8147.69,8208.331000000002
2019-10-07,7869.74,8189.741000000002
2019-10-08,8212.02,8191.553000000003
2019-10-09,8190.0,8188.053000000003
2019-10-10,8587.92,8241.171000000002
2019-10-11,8586.9,8269.087000000001
2019-10-12,8269.73,8263.768
2019-10-13,8308.01,8256.366
2019-10-14,8283.76,8261.125
2019-10-15,8353.54,8280.931
2019-10-16,8162.16,8282.378
2019-10-17,8002.51,8295.654999999999
2019-10-18,8076.78,8282.130999999998
2019-10-19,7954.15,8258.545999999998
2019-10-20,7960.04,8195.757999999998
2019-10-21,8231.06,8160.173999999997
2019-10-22,8222.52,8155.452999999999
2019-10-23,8026.76,8127.327999999999
2019-10-24,7469.56,8045.9079999999985
2019-10-25,7431.88,7953.741999999998
2019-10-26,8666.79,8004.204999999999
2019-10-27,9259.8,8129.933999999999
2019-10-28,9551.54,8277.41
2019-10-29,9218.76,8403.871000000001
2019-10-30,9433.35,8551.202000000001
2019-10-31,9164.62,8644.558
2019-11-01,9147.98,8737.104000000001
2019-11-02,9252.99,8859.727000000003
2019-11-03,9301.18,9042.889000000001
2019-11-04,9206.16,9220.317000000001
2019-11-05,9418.05,9295.443000000001
2019-11-06,9310.19,9300.482
2019-11-07,9343.34,9279.662
2019-11-08,9204.24,9278.210000000001
2019-11-09,8766.04,9211.479000000001
2019-11-10,8809.41,9175.958000000002
2019-11-11,9037.12,9164.872000000001
2019-11-12,8717.81,9111.354000000001
2019-11-13,8801.52,9061.388000000003
2019-11-14,8762.42,9017.014000000001
2019-11-15,8632.32,8938.441
2019-11-16,8457.69,8853.191
2019-11-17,8482.7,8767.127
2019-11-18,8503.93,8697.096
2019-11-19,8175.99,8638.090999999999
2019-11-20,8120.8,8569.23
2019-11-21,8081.81,8473.698999999999
2019-11-22,7617.07,8363.625
2019-11-23,7286.35,8212.108
2019-11-24,7324.03,8068.269
2019-11-25,6907.4,7895.776999999999
2019-11-26,7130.25,7763.0329999999985
2019-11-27,7163.63,7631.125999999999
2019-11-28,7523.83,7533.115999999999
2019-11-29,7431.0,7458.616999999998
2019-11-30,7757.47,7422.283999999998
2019-12-01,7557.72,7369.874999999998
2019-12-02,7402.69,7348.437
2019-12-03,7309.59,7350.760999999999
2019-12-04,7296.77,7348.034999999999
2019-12-05,7192.85,7376.58
2019-12-06,7395.97,7403.152
2019-12-07,7547.19,7441.508
2019-12-08,7504.83,7439.608
2019-12-09,7522.39,7448.747
2019-12-10,7337.42,7406.742
2019-12-11,7220.76,7373.045999999999
2019-12-12,7202.31,7353.007999999999
2019-12-13,7189.16,7340.964999999999
2019-12-14,7251.87,7336.4749999999985
2019-12-15,7067.74,7323.963999999998
2019-12-16,7111.14,7295.480999999998
2019-12-17,6879.54,7228.715999999998
2019-12-18,6612.12,7139.444999999997
2019-12-19,7284.29,7115.634999999997
2019-12-20,7150.86,7096.978999999997
2019-12-21,7190.17,7093.919999999996
2019-12-22,7143.2,7088.008999999996
2019-12-23,7514.41,7120.533999999997
2019-12-24,7322.08,7127.554999999996
2019-12-25,7250.69,7145.849999999996
2019-12-26,7192.72,7154.007999999996
2019-12-27,7194.4,7185.493999999996
2019-12-28,7243.93,7248.674999999996
2019-12-29,7301.07,7250.3529999999955
2019-12-30,7385.36,7273.802999999995
2019-12-31,7219.6,7276.7459999999965
2020-01-01,7168.31,7279.256999999996
2020-01-02,7175.68,7245.383999999996
2020-01-03,6944.33,7207.608999999997
2020-01-04,7326.35,7215.174999999997
2020-01-05,7347.89,7230.691999999997
2020-01-06,7351.57,7246.408999999997
2020-01-07,7759.24,7297.939999999997
2020-01-08,8165.47,7384.379999999996
2020-01-09,8042.65,7450.108999999995
2020-01-10,7817.92,7509.940999999994
2020-01-11,8184.66,7611.5759999999955
2020-01-12,8021.49,7696.1569999999965
2020-01-13,8173.97,7819.1209999999965
2020-01-14,8105.24,7897.009999999997
2020-01-15,8842.42,8046.462999999996
2020-01-16,8813.89,8192.694999999996
2020-01-17,8722.03,8288.973999999997
2020-01-18,8900.34,8362.460999999996
2020-01-19,8910.85,8449.280999999997
2020-01-20,8703.36,8537.824999999997
2020-01-21,8626.47,8582.005999999998
2020-01-22,8722.26,8652.082999999995
2020-01-23,8658.94,8700.579999999996
2020-01-24,8388.11,8728.866999999995
2020-01-25,8428.17,8687.441999999995
2020-01-26,8327.36,8638.788999999995
2020-01-27,8588.42,8625.427999999996
2020-01-28,8895.78,8624.971999999996
2020-01-29,9385.69,8672.455999999995
2020-01-30,9279.81,8730.100999999995
2020-01-31,9502.37,8817.690999999995
2020-02-01,9333.77,8878.841999999995
2020-02-02,9378.09,8950.756999999994
2020-02-03,9314.56,9043.401999999995
2020-02-04,9162.14,9116.798999999995
2020-02-05,9162.14,9200.276999999995
2020-02-06,9614.9,9302.924999999994
2020-02-07,9755.66,9388.912999999995
2020-02-08,9807.54,9431.097999999994
2020-02-09,9907.12,9493.828999999994
2020-02-10,10162.41,9559.832999999995
2020-02-11,9854.79,9611.934999999994
2020-02-12,10275.38,9701.663999999995
2020-02-13,10354.3,9805.637999999995
2020-02-14,10242.43,9913.666999999996
2020-02-15,10368.53,10034.305999999995
2020-02-16,9904.17,10063.232999999997
2020-02-17,9937.67,10081.433999999996
2020-02-18,9703.93,10071.072999999995
2020-02-19,10180.65,10098.425999999996
2020-02-20,9604.72,10042.656999999996
2020-02-21,9606.86,10017.863999999994
2020-02-22,9696.58,9959.983999999993
2020-02-23,9669.63,9891.516999999994
2020-02-24,9989.39,9866.212999999992
2020-02-25,9663.75,9795.734999999993
2020-02-26,9309.15,9736.232999999993
2020-02-27,8785.52,9621.017999999993
2020-02-28,8804.72,9531.096999999994
2020-02-29,8712.35,9384.266999999996
2020-03-01,8534.17,9277.211999999996
2020-03-02,8912.82,9207.807999999995
2020-03-03,8912.82,9129.431999999995
2020-03-04,8754.34,9037.902999999995
2020-03-05,8758.9,8914.853999999994
2020-03-06,9067.39,8855.217999999993
2020-03-07,9155.89,8839.891999999994
2020-03-08,8898.63,8851.202999999994
2020-03-09,8039.38,8774.668999999994
2020-03-10,7931.94,8696.627999999993
2020-03-11,7885.46,8631.756999999994
2020-03-12,7936.65,8534.139999999994
2020-03-13,4830.21,8125.8789999999935
2020-03-14,5609.03,7811.347999999994
2020-03-15,5166.26,7452.0839999999935
2020-03-16,5348.44,7080.188999999994
2020-03-17,5026.35,6667.234999999995
2020-03-18,5357.61,6313.132999999995
2020-03-19,5410.23,6050.217999999995
2020-03-20,6195.2,5876.543999999994
2020-03-21,6226.44,5710.641999999994
2020-03-22,6189.85,5535.961999999994
2020-03-23,5822.62,5635.202999999995
2020-03-24,6502.16,5724.515999999994
2020-03-25,6768.49,5884.738999999994
2020-03-26,6698.46,6019.740999999994
2020-03-27,6763.75,6193.480999999994
2020-03-28,6369.09,6294.6289999999935
2020-03-29,6260.95,6379.700999999994
2020-03-30,5885.41,6348.721999999994
2020-03-31,6405.29,6366.6069999999945
2020-04-01,6428.28,6390.449999999994
2020-04-02,6652.87,6473.474999999994
2020-04-03,6809.11,6504.169999999994
2020-04-04,6741.67,6501.487999999994
2020-04-05,6871.69,6518.810999999994
2020-04-06,6777.44,6520.179999999995
2020-04-07,7343.2,6617.590999999995
2020-04-08,7205.55,6712.050999999995
2020-04-09,7365.03,6860.0129999999945
2020-04-10,7293.69,6948.852999999994
2020-04-11,6873.24,6993.348999999995
2020-04-12,6891.6,7017.221999999994
2020-04-13,6915.37,7027.847999999994
2020-04-14,6857.66,7039.446999999995
2020-04-15,6871.95,7039.472999999994
2020-04-16,6623.8,7024.108999999994
2020-04-17,7112.27,7001.015999999994
2020-04-18,7034.89,6983.949999999994
2020-04-19,7259.36,6973.382999999994
2020-04-20,7130.04,6957.017999999994
2020-04-21,6840.24,6953.7179999999935
2020-04-22,6852.52,6949.809999999993
2020-04-23,7130.99,6971.371999999993
2020-04-24,7477.6,7033.365999999993
2020-04-25,7507.08,7096.8789999999935
2020-04-26,7549.52,7189.450999999994
2020-04-27,7699.27,7248.1509999999935
2020-04-28,7790.66,7323.727999999994
2020-04-29,7765.33,7374.324999999994
2020-04-30,8777.63,7539.083999999995
2020-05-01,8628.77,7717.936999999995
2020-05-02,8824.66,7915.150999999995
2020-05-03,8973.82,8099.433999999994
2020-05-04,8903.95,8242.068999999992
2020-05-05,8885.93,8379.953999999992
2020-05-06,9030.96,8528.097999999993
2020-05-07,9170.79,8675.24999999999
2020-05-08,10002.48,8896.43199999999
2020-05-09,9821.8,9102.07899999999
2020-05-10,9527.39,9177.05499999999
2020-05-11,8754.46,9189.62399999999
2020-05-12,8617.25,9168.88299999999
2020-05-13,8814.53,9152.953999999989
2020-05-14,9305.93,9193.151999999991
2020-05-15,9790.31,9283.589999999991
2020-05-16,9303.59,9310.852999999992
2020-05-17,9385.7,9332.34399999999
2020-05-18,9669.4,9299.03599999999
2020-05-19,9719.37,9288.792999999989
2020-05-20,9785.74,9314.62799999999
2020-05-21,9510.67,9390.248999999989
2020-05-22,9057.57,9434.280999999988
2020-05-23,9167.26,9469.553999999987
2020-05-24,9178.32,9456.792999999987
2020-05-25,8730.73,9350.834999999988
2020-05-26,8899.66,9310.441999999988
2020-05-27,8842.85,9256.156999999988
2020-05-28,9197.54,9208.97099999999
2020-05-29,9569.21,9193.95499999999
2020-05-30,9425.98,9157.978999999988
2020-05-31,9698.1,9176.72199999999
2020-06-01,9450.84,9216.04899999999
2020-06-02,10204.23,9319.74599999999
2020-06-03,9525.57,9354.47099999999
2020-06-04,9658.04,9447.20199999999
2020-06-05,9794.56,9536.69199999999
2020-06-06,9623.75,9614.781999999988
2020-06-07,9670.43,9662.070999999987
2020-06-08,9753.85,9680.534999999989
2020-06-09,9782.59,9716.195999999989
2020-06-10,9775.15,9723.900999999987
2020-06-11,9892.13,9768.029999999988
2020-06-12,9286.42,9676.248999999989
2020-06-13,9459.97,9669.68899999999
2020-06-14,9473.5,9651.23499999999
2020-06-15,9330.07,9604.78599999999
2020-06-16,9426.7,9585.08099999999
2020-06-17,9526.0,9570.637999999988
2020-06-18,9454.81,9540.733999999988
2020-06-19,9380.03,9500.477999999988
2020-06-20,9300.15,9452.977999999988
2020-06-21,9357.43,9399.507999999987
2020-06-22,9284.78,9399.343999999986
2020-06-23,9691.9,9422.536999999986
2020-06-24,9621.49,9437.335999999987
2020-06-25,9276.58,9431.986999999986
2020-06-26,9240.85,9413.401999999987
2020-06-27,9154.45,9376.246999999987
2020-06-28,9004.23,9331.188999999988
2020-06-29,9127.47,9305.932999999986
2020-06-30,9185.35,9294.452999999989
2020-07-01,9133.97,9272.106999999989
2020-07-02,9236.38,9267.266999999989
2020-07-03,9087.98,9206.874999999989
2020-07-04,9072.42,9151.96799999999
2020-07-05,9131.31,9137.440999999988
2020-07-06,9089.09,9122.264999999989
2020-07-07,9348.91,9141.710999999988
2020-07-08,9256.23,9166.91099999999
2020-07-09,9440.07,9198.170999999988
2020-07-10,9238.04,9203.439999999988
2020-07-11,9287.4,9218.782999999987
2020-07-12,9235.96,9218.740999999985
2020-07-13,9295.9,9239.532999999985
2020-07-14,9238.13,9256.103999999987
2020-07-15,9254.52,9268.424999999987
2020-07-16,9193.51,9278.866999999987
2020-07-17,9131.0,9257.075999999986
2020-07-18,9154.19,9246.871999999987
2020-07-19,9174.71,9220.335999999987
2020-07-20,9214.66,9217.997999999987
2020-07-21,9163.87,9205.644999999986
2020-07-22,9392.66,9221.314999999988
2020-07-23,9537.4,9245.464999999987
2020-07-24,9613.11,9282.962999999987
2020-07-25,9551.28,9312.638999999986
2020-07-26,9707.5,9364.037999999988
2020-07-27,9938.83,9444.820999999987
2020-07-28,11042.4,9633.641999999987
2020-07-29,10934.94,9809.664999999988
2020-07-30,11102.67,9998.465999999988
2020-07-31,11114.93,10193.57199999999
2020-08-01,11343.88,10388.693999999989
2020-08-02,11823.69,10617.32299999999
2020-08-03,11077.77,10763.78899999999
2020-08-04,11242.57,10932.91799999999
2020-08-05,11194.25,11081.59299999999
2020-08-06,11750.28,11262.73799999999
2020-08-07,11772.94,11335.79199999999
2020-08-08,11605.6,11402.857999999991
2020-08-09,11767.6,11469.350999999991
2020-08-10,11684.06,11526.263999999992
2020-08-11,11893.03,11581.178999999993
2020-08-12,11392.43,11538.05299999999
2020-08-13,11573.11,11587.58699999999
2020-08-14,11777.43,11641.07299999999
2020-08-15,11774.38,11699.08599999999
2020-08-16,11873.98,11711.45599999999
2020-08-17,11914.01,11725.56299999999
2020-08-18,12293.72,11794.374999999989
2020-08-19,11969.53,11814.567999999988
2020-08-20,11734.0,11819.561999999987
2020-08-21,11865.82,11816.84099999999
2020-08-22,11522.8,11829.87799999999
2020-08-23,11683.44,11840.91099999999
2020-08-24,11653.02,11828.46999999999
2020-08-25,11763.93,11827.424999999992
2020-08-26,11337.4,11773.76699999999
2020-08-27,11467.37,11729.102999999992
2020-08-28,11302.01,11629.93199999999
2020-08-29,11534.75,11586.45399999999
2020-08-30,11481.64,11561.21799999999
2020-08-31,11707.78,11545.41399999999
2020-09-01,11659.57,11559.09099999999
2020-09-02,11923.25,11583.07199999999
2020-09-03,11397.44,11557.513999999988
2020-09-04,10187.51,11399.871999999987
2020-09-05,10467.89,11312.920999999988
2020-09-06,10159.62,11182.145999999988
2020-09-07,10254.93,11077.43799999999
2020-09-08,10367.74,10960.73699999999
2020-09-09,10121.52,10824.72499999999
2020-09-10,10227.83,10676.72999999999
2020-09-11,10352.66,10546.03899999999
2020-09-12,10395.44,10393.25799999999
2020-09-13,10446.44,10298.15799999999
2020-09-14,10330.77,10312.483999999991
2020-09-15,10674.64,10333.15899999999
2020-09-16,10785.62,10395.758999999991
2020-09-17,10948.43,10465.108999999991
2020-09-18,10943.89,10522.723999999991
2020-09-19,10931.79,10603.75099999999
2020-09-20,11081.43,10689.11099999999
2020-09-21,10919.65,10745.809999999989
2020-09-22,10430.46,10749.311999999987
2020-09-23,10532.22,10757.889999999989
2020-09-24,10234.48,10748.260999999988
2020-09-25,10732.43,10754.039999999988
2020-09-26,10692.84,10744.761999999988
2020-09-27,10732.4,10723.158999999989
2020-09-28,10774.24,10706.193999999989
2020-09-29,10692.33,10682.247999999989
2020-09-30,10840.8,10658.184999999987
2020-10-01,10777.92,10644.011999999988
2020-10-02,10619.24,10662.889999999989
2020-10-03,10575.06,10667.173999999988
2020-10-04,10551.77,10698.90299999999
2020-10-05,10673.46,10693.005999999988
2020-10-06,10788.56,10702.577999999989
2020-10-07,10603.74,10689.711999999989
2020-10-08,10670.8,10679.36799999999
2020-10-09,10923.3,10702.46499999999
2020-10-10,11063.19,10724.703999999989
2020-10-11,11302.67,10777.17899999999
2020-10-12,11376.61,10852.915999999988
2020-10-13,11540.04,10949.41399999999
2020-10-14,11428.24,11037.06099999999
2020-10-15,11431.32,11112.84699999999
2020-10-16,11503.73,11184.36399999999
2020-10-17,11327.57,11256.746999999992
2020-10-18,11366.51,11326.31799999999
2020-10-19,11508.2,11384.80799999999
2020-10-20,11758.16,11454.30499999999
2020-10-21,11925.46,11516.583999999992
2020-10-22,12831.56,11662.07899999999
2020-10-23,12990.25,11807.099999999991
2020-10-24,12944.52,11958.727999999992
2020-10-25,13128.46,12128.44199999999
2020-10-26,13036.77,12281.74599999999
2020-10-27,13076.37,12456.62599999999
2020-10-28,13651.47,12685.12199999999
2020-10-29,13289.0,12863.20199999999
2020-10-30,13458.66,13033.25199999999
2020-10-31,13564.72,13197.17799999999
2020-11-01,13810.32,13295.053999999993
2020-11-02,13758.88,13371.916999999992
2020-11-03,13575.17,13434.981999999993
2020-11-04,14023.31,13524.466999999993
2020-11-05,14155.59,13636.348999999993
2020-11-06,15591.39,13887.850999999995
2020-11-07,15595.77,14082.280999999994
2020-11-08,14839.84,14237.364999999994
2020-11-09,15490.6,14440.558999999994
2020-11-10,15328.53,14616.939999999993
2020-11-11,15317.04,14767.611999999994
2020-11-12,15708.65,14962.588999999993
2020-11-13,16295.57,15234.628999999992
2020-11-14,16339.33,15466.23099999999
2020-11-15,16091.07,15659.778999999991
2020-11-16,15968.16,15697.455999999991
2020-11-17,16725.15,15810.393999999991
2020-11-18,17679.72,16094.381999999992
2020-11-19,17798.45,16325.166999999992
2020-11-20,17820.57,16574.370999999992
2020-11-21,18687.45,16911.411999999993
2020-11-22,18699.75,17210.521999999994
2020-11-23,18422.28,17423.192999999992
2020-11-24,18398.91,17629.150999999994
2020-11-25,19172.52,17937.295999999995
2020-11-26,18739.8,18214.459999999992
2020-11-27,17151.44,18257.088999999993
2020-11-28,17138.87,18203.003999999994
2020-11-29,17732.42,18196.40099999999
2020-11-30,18191.6,18233.50399999999
2020-12-01,19709.73,18335.73199999999
2020-12-02,18792.52,18345.008999999987
2020-12-03,19226.97,18425.47799999999
2020-12-04,19454.54,18531.04099999999
2020-12-05,18670.49,18480.83799999999
2020-12-06,19155.06,18522.36399999999
2020-12-07,19377.66,18744.98599999999
2020-12-08,19181.41,18949.23999999999
2020-12-09,18318.87,19007.88499999999
2020-12-10,18554.15,19044.139999999992
2020-12-11,18247.76,18897.942999999992
2020-12-12,18029.36,18821.62699999999
2020-12-13,18803.44,18779.27399999999
2020-12-14,19164.48,18750.26799999999
2020-12-15,19276.59,18810.87799999999
2020-12-16,19439.75,18839.34699999999
2020-12-17,21379.48,19039.52899999999
2020-12-18,22847.46,19406.13399999999
2020-12-19,23150.79,19889.325999999994
2020-12-20,23869.92,20420.90299999999
2020-12-21,23490.58,20945.18499999999
2020-12-22,22745.48,21416.796999999995
2020-12-23,23824.99,21918.951999999994
2020-12-24,23253.37,22327.840999999993
2020-12-25,23715.53,22771.734999999993
2020-12-26,24693.58,23297.117999999995
2020-12-27,26443.21,23803.49099999999
2020-12-28,26246.58,24143.40299999999
2020-12-29,27036.69,24531.99299999999
2020-12-30,27376.37,24882.637999999988
2020-12-31,28856.59,25419.238999999987
2021-01-01,28982.56,26042.946999999986
2021-01-02,29393.75,26599.822999999986
2021-01-03,32195.46,27494.03199999999
2021-01-04,33000.78,28422.55699999999
2021-01-05,32035.03,29156.70199999999
2021-01-06,34046.67,29917.047999999988
2021-01-07,36860.41,30978.430999999982
2021-01-08,39486.04,32223.36599999998
2021-01-09,40670.25,33552.75399999998
2021-01-10,40240.72,34691.16699999998
2021-01-11,38240.09,35616.919999999984
2021-01-12,35544.94,36232.03899999998
2021-01-13,34011.82,36413.67499999998
2021-01-14,37393.13,36852.90999999999
2021-01-15,39158.47,37565.25399999998
2021-01-16,36828.52,37843.438999999984
2021-01-17,36065.2,37763.91799999999
2021-01-18,35793.01,37394.61499999999
2021-01-19,36632.35,36990.82499999999
2021-01-20,36020.13,36568.76599999999
2021-01-21,35538.98,36298.65499999999
2021-01-22,30797.88,35823.94899999999
2021-01-23,33002.38,35723.00499999999
2021-01-24,32099.74,35193.66599999999
2021-01-25,32276.84,34505.503
2021-01-26,32243.26,34046.977
2021-01-27,32541.8,33694.636999999995
2021-01-28,30419.17,33157.25299999999
2021-01-29,33403.17,32834.33499999999
2021-01-30,34314.26,32663.747999999992
2021-01-31,34318.1,32541.659999999993
2021-02-01,33136.46,32775.518
2021-02-02,33522.9,32827.56999999999
2021-02-03,35529.66,33170.562
2021-02-04,37676.25,33710.503
2021-02-05,37002.09,34186.386
2021-02-06,38278.61,34760.066999999995
2021-02-07,39323.26,35650.476
2021-02-08,38928.1,36202.969
2021-02-09,46364.3,37407.973
2021-02-10,46589.58,38635.121
2021-02-11,44878.17,39809.292
2021-02-12,48013.38,41258.34
2021-02-13,47471.4,42452.514
2021-02-14,47185.19,43403.408
2021-02-15,48720.37,44575.236
2021-02-16,47951.85,45542.56
2021-02-17,49160.1,46526.24399999999
2021-02-18,52118.23,47845.257
2021-02-19,51608.15,48369.642
2021-02-20,55916.5,49302.333999999995
2021-02-21,56001.2,50414.637
2021-02-22,57487.86,51362.085
2021-02-23,54123.4,52027.284999999996
2021-02-24,48880.43,52196.808999999994
2021-02-25,50624.84,52387.255999999994
2021-02-26,46800.42,52272.113
2021-02-27,46340.31,51990.134
2021-02-28,46155.87,51393.898
2021-03-01,45113.92,50744.47499999999
2021-03-02,49618.43,50114.66799999999
2021-03-03,48356.04,49350.15199999999
2021-03-04,50477.7,48649.13599999999
2021-03-05,48448.91,48081.68699999999
2021-03-06,48861.38,48079.78199999999
2021-03-07,48881.59,47905.45699999998
2021-03-08,51169.7,48342.38499999999
2021-03-09,52299.33,48938.28699999999
2021-03-10,54881.52,49810.85199999999
2021-03-11,55997.23,50899.18299999999
2021-03-12,57764.0,51713.73999999999
2021-03-13,57253.28,52603.46399999999
2021-03-14,61258.73,53681.566999999995
2021-03-15,59133.47,54750.02299999999
2021-03-16,55754.72,55439.35699999998
2021-03-17,56872.38,56238.43599999999
2021-03-18,58913.0,57012.76599999999
2021-03-19,57665.9,57549.42299999999
2021-03-20,58075.1,57868.78099999998
2021-03-21,58085.8,58077.63799999999
2021-03-22,57411.17,58042.354999999996
2021-03-23,54204.96,57737.52299999999
2021-03-24,54477.46,57059.395999999986
2021-03-25,52508.23,56396.87199999999
2021-03-26,51415.92,55962.99199999999
2021-03-27,55074.47,55783.20099999999
2021-03-28,55863.93,55478.293999999994
2021-03-29,55783.71,55290.07499999999
2021-03-30,57627.67,55245.331999999995
2021-03-31,58730.13,55309.76499999999
2021-04-01,58735.25,55442.172999999995
2021-04-02,58736.92,55895.36899999999
2021-04-03,59031.32,56350.75499999999
2021-04-04,57076.49,56807.58099999999
2021-04-05,58206.55,57486.64399999999
2021-04-06,59054.1,57884.606999999996
2021-04-07,58020.46,58100.259999999995
2021-04-08,55947.27,58116.616
2021-04-09,58048.59,58158.708000000006
2021-04-10,58102.58,58095.953
2021-04-11,59774.0,58199.828
2021-04-12,59964.87,58322.62300000001
2021-04-13,59834.74,58402.96500000001
2021-04-14,63554.44,59050.76000000001
2021-04-15,62969.12,59527.01700000001
2021-04-16,63252.63,59946.87000000001
2021-04-17,61455.98,60290.422000000006
2021-04-18,60087.09,60704.404
2021-04-19,56251.48,60524.69300000001
2021-04-20,55703.14,60284.74900000001
2021-04-21,56507.91,59958.140000000014
2021-04-22,53808.8,59342.53300000002
2021-04-23,51731.71,58532.23000000002
2021-04-24,51153.13,57292.09900000001
2021-04-25,50110.53,56006.24000000001
2021-04-26,49075.58,54588.53500000001
2021-04-27,54056.64,53848.60100000001
2021-04-28,55071.46,53347.038000000015
2021-04-29,54884.1,53210.30000000001
2021-04-30,53584.15,52998.40100000001
2021-05-01,57796.62,53127.27200000001
2021-05-02,57857.5,53532.142000000014
2021-05-03,56610.46,54020.017000000014
2021-05-04,57213.33,54626.03700000001
2021-05-05,53241.72,54939.156
2021-05-06,57473.23,55778.92100000001
2021-05-07,56428.16,56016.07300000001
2021-05-08,57380.27,56246.954000000005
2021-05-09,58928.81,56651.425
2021-05-10,58280.73,57121.083
2021-05-11,55883.5,56929.77099999999
2021-05-12,56750.0,56819.02099999999
2021-05-13,49007.09,56058.683999999994
2021-05-14,49702.27,55307.577999999994
2021-05-15,49922.52,54975.657999999996
2021-05-16,46736.58,53901.992999999995
2021-05-17,46441.64,52903.34099999999
2021-05-18,43596.24,51524.93799999999
2021-05-19,42912.19,49923.27599999999
2021-05-20,36964.27,47791.62999999999
2021-05-21,40784.32,46281.71199999999
2021-05-22,37280.35,44334.74699999999
2021-05-23,37528.3,43186.86799999999
2021-05-24,34754.54,41692.09499999999
2021-05-25,38728.59,40572.701999999976
2021-05-26,38410.5,39740.093999999975
2021-05-27,39266.04,39022.53399999997
2021-05-28,38445.29,38507.43899999997
2021-05-29,35689.62,37785.18199999997
2021-05-30,34647.67,37553.52199999997
2021-05-31,35684.59,37043.54899999996
2021-06-01,37310.54,37046.56799999996
2021-06-02,36662.64,36960.001999999964
2021-06-03,37585.24,37243.07199999997
2021-06-04,39188.59,37289.071999999964
2021-06-05,36885.51,37136.57299999996
2021-06-06,35530.38,36763.00699999997
2021-06-07,35816.17,36500.094999999965
2021-06-08,33514.87,36282.619999999966
2021-06-09,33450.19,36162.87199999997
2021-06-10,37338.36,36328.24899999997
2021-06-11,36704.57,36267.651999999965
2021-06-12,37313.18,36332.70599999996
2021-06-13,35494.9,36123.67199999997
2021-06-14,39066.82,36111.494999999966
2021-06-15,40525.8,36475.52399999996
2021-06-16,40188.56,36941.34199999996
2021-06-17,38324.87,37192.21199999996
2021-06-18,38068.04,37647.528999999966
2021-06-19,35729.82,37875.49199999996
2021-06-20,35524.17,37694.07299999996
2021-06-21,35592.35,37582.85099999996
2021-06-22,31686.55,37020.18799999996
2021-06-23,32447.59,36715.45699999996
2021-06-24,33674.66,36176.24099999996
2021-06-25,34639.38,35587.59899999996
2021-06-26,31640.58,34732.80099999996
2021-06-27,32160.91,34116.404999999955
2021-06-28,34644.45,33774.04599999996
2021-06-29,34456.67,33646.730999999956
2021-06-30,35847.7,33679.08399999996
2021-07-01,35047.36,33624.58499999996
2021-07-02,33536.88,33809.617999999966
2021-07-03,33856.86,33950.54499999996
2021-07-04,34688.98,34051.976999999955
2021-07-05,35309.3,34118.968999999954
2021-07-06,33747.97,34329.70799999995
2021-07-07,34211.01,34534.71799999995
2021-07-08,33839.04,34454.17699999995
2021-07-09,32877.41,34296.25099999995
2021-07-10,33818.52,34093.332999999955
2021-07-11,33515.57,33940.15399999996
2021-07-12,34227.64,34009.22999999996
2021-07-13,33158.25,33939.36899999996
2021-07-14,32686.56,33739.126999999964
2021-07-15,32814.61,33489.65799999996
2021-07-16,31738.59,33288.719999999965
2021-07-17,31421.25,33009.74399999996
2021-07-18,31520.66,32777.905999999966
2021-07-19,31783.49,32668.513999999966
2021-07-20,30815.94,32368.255999999965
2021-07-21,29790.24,31995.72299999996
2021-07-22,32118.06,31784.764999999963
2021-07-23,32297.89,31698.728999999963
2021-07-24,33581.63,31788.235999999964
2021-07-25,34279.34,31934.708999999963
2021-07-26,35365.2,32297.36999999996
2021-07-27,37318.14,32887.058999999965
2021-07-28,39405.95,33675.58799999997
2021-07-29,40002.53,34497.49199999997
2021-07-30,40005.93,35416.490999999965
2021-07-31,42214.15,36658.88199999997
2021-08-01,41659.06,37612.981999999975
2021-08-02,40000.46,38383.23899999997
2021-08-03,39193.94,38944.46999999997
2021-08-04,38138.0,39330.335999999974
2021-08-05,39750.14,39768.82999999997
2021-08-06,40882.0,40125.21599999997
2021-08-07,42825.95,40467.21599999997
2021-08-08,44634.13,40930.375999999975
2021-08-09,43816.14,41311.39699999998
2021-08-10,46333.46,41723.32799999998
2021-08-11,45608.37,42118.25899999998
2021-08-12,45611.46,42679.35899999998
2021-08-13,44417.78,43201.74299999998
2021-08-14,47833.98,44171.34099999998
2021-08-15,47112.19,44907.54599999998
2021-08-16,47056.41,45524.98699999998
2021-08-17,45982.55,45840.646999999975
2021-08-18,44648.57,45842.09099999997
2021-08-19,44777.86,45938.26299999997
2021-08-20,46734.65,45978.38199999997
2021-08-21,49327.75,46350.31999999997
2021-08-22,48932.02,46682.375999999975
2021-08-23,49335.68,47174.165999999976
2021-08-24,49523.5,47343.11799999997
2021-08-25,47744.58,47406.356999999975
2021-08-26,48972.09,47597.924999999974
2021-08-27,46962.8,47695.949999999975
2021-08-28,49056.86,48136.77899999997
2021-08-29,48897.65,48548.75799999998
2021-08-30,48806.78,48755.970999999976
2021-08-31,47074.77,48530.67299999997
2021-09-01,47155.87,48353.057999999975
2021-09-02,48862.76,48305.765999999974
2021-09-03,49329.01,48286.31699999997
2021-09-04,50035.33,48515.39199999998
2021-09-05,49947.38,48612.92099999997
2021-09-06,51769.06,49093.54699999998
2021-09-07,52677.4,49455.60099999998
2021-09-08,46809.17,49246.752999999975
2021-09-09,46078.38,48973.91299999998
2021-09-10,46368.69,48903.30499999998
