Date,USD (PM),10_mean
2016-09-12,1324.6,
2016-09-13,1323.65,
2016-09-14,1321.75,
2016-09-15,1310.8,
2016-09-16,1308.35,
2016-09-19,1314.85,
2016-09-20,1313.8,
2016-09-21,1326.1,
2016-09-22,1339.1,
2016-09-23,1338.65,1322.165
2016-09-26,1340.5,1323.7549999999999
2016-09-27,1327.0,1324.09
2016-09-28,1322.5,1324.165
2016-09-29,1318.1,1324.895
2016-09-30,1322.5,1326.31
2016-10-03,1313.3,1326.155
2016-10-04,1283.3,1323.105
2016-10-05,1269.4,1317.435
2016-10-06,1254.5,1308.975
2016-10-07,1258.75,1300.985
2016-10-10,1259.5,1292.8849999999998
2016-10-11,1253.45,1285.53
2016-10-12,1256.5,1278.9299999999998
2016-10-13,1261.05,1273.225
2016-10-14,1251.75,1266.1499999999999
2016-10-17,1254.8,1260.2999999999997
2016-10-18,1258.2,1257.79
2016-10-19,1269.05,1257.7549999999999
2016-10-20,1271.65,1259.4699999999998
2016-10-21,1266.05,1260.1999999999998
2016-10-24,1265.55,1260.8049999999998
2016-10-25,1269.4,1262.3999999999996
2016-10-26,1270.5,1263.7999999999997
2016-10-27,1266.25,1264.3199999999997
2016-10-28,1273.0,1266.4449999999997
2016-10-31,1272.0,1268.1649999999997
2016-11-01,1288.45,1271.1899999999998
2016-11-02,1303.75,1274.6599999999999
2016-11-03,1301.0,1277.5949999999998
2016-11-04,1302.8,1281.27
2016-11-07,1283.05,1283.02
2016-11-08,1282.35,1284.315
2016-11-09,1281.4,1285.405
2016-11-10,1267.5,1285.53
2016-11-11,1236.45,1281.875
2016-11-14,1213.6,1276.035
2016-11-15,1226.95,1269.885
2016-11-16,1229.2,1262.43
2016-11-17,1226.75,1255.005
2016-11-18,1211.0,1245.8250000000003
2016-11-21,1214.25,1238.9450000000002
2016-11-22,1212.25,1231.9350000000002
2016-11-23,1185.35,1222.3300000000004
2016-11-24,1186.1,1214.1900000000003
2016-11-25,1187.7,1209.3150000000003
2016-11-28,1187.0,1206.6550000000002
2016-11-29,1186.55,1202.6150000000002
2016-11-30,1178.1,1197.505
2016-12-01,1161.85,1191.015
2016-12-02,1173.5,1187.265
2016-12-05,1162.2,1182.0600000000002
2016-12-06,1172.5,1178.0850000000003
2016-12-07,1177.65,1177.315
2016-12-08,1171.05,1175.81
2016-12-09,1163.6,1173.4
2016-12-12,1156.1,1170.31
2016-12-13,1158.55,1167.51
2016-12-14,1162.25,1165.925
2016-12-15,1126.95,1162.435
2016-12-16,1131.6,1158.2450000000001
2016-12-19,1136.25,1155.65
2016-12-20,1125.7,1150.97
2016-12-21,1133.65,1146.5700000000002
2016-12-22,1131.35,1142.6000000000001
2016-12-28,1134.6,1139.7000000000003
2016-12-29,1145.9,1138.68
2017-01-03,1151.0,1137.9250000000002
2017-01-04,1164.25,1138.1250000000002
2017-01-05,1176.7,1143.1000000000001
2017-01-06,1175.85,1147.525
2017-01-09,1178.5,1151.7500000000002
2017-01-10,1189.5,1158.13
2017-01-11,1178.55,1162.6200000000001
2017-01-12,1205.05,1169.99
2017-01-13,1190.35,1175.565
2017-01-16,1203.0,1181.275
2017-01-17,1216.05,1187.78
2017-01-18,1214.75,1192.83
2017-01-19,1196.05,1194.7649999999999
2017-01-20,1200.55,1197.2349999999997
2017-01-23,1212.85,1200.6699999999996
2017-01-24,1216.8,1203.3999999999996
2017-01-25,1195.0,1205.0449999999996
2017-01-26,1189.7,1203.5099999999998
2017-01-27,1184.85,1202.9599999999998
2017-01-30,1192.8,1201.9399999999998
2017-01-31,1212.8,1201.6149999999998
2017-02-01,1203.65,1200.5049999999997
2017-02-02,1221.95,1203.0949999999998
2017-02-03,1215.2,1204.56
2017-02-06,1226.75,1205.95
2017-02-07,1231.0,1207.3700000000001
2017-02-08,1242.1,1212.0800000000002
2017-02-09,1236.8,1216.79
2017-02-10,1228.3,1221.1349999999998
2017-02-13,1222.25,1224.08
2017-02-14,1230.75,1225.875
2017-02-15,1224.4,1227.95
2017-02-16,1240.55,1229.81
2017-02-17,1241.95,1232.485
2017-02-20,1237.3,1233.5399999999997
2017-02-21,1233.2,1233.7599999999998
2017-02-22,1236.65,1233.2149999999997
2017-02-23,1247.9,1234.3249999999998
2017-02-24,1253.65,1236.86
2017-02-27,1257.2,1240.355
2017-02-28,1255.6,1242.84
2017-03-01,1240.4,1244.44
2017-03-02,1238.1,1244.1950000000002
2017-03-03,1226.5,1242.65
2017-03-06,1230.95,1242.015
2017-03-07,1216.65,1240.3600000000001
2017-03-08,1209.2,1237.6150000000002
2017-03-09,1206.55,1233.48
2017-03-10,1202.65,1228.38
2017-03-13,1204.2,1223.0800000000002
2017-03-14,1204.6,1217.98
2017-03-15,1198.8,1213.8200000000002
2017-03-16,1229.35,1212.9450000000002
2017-03-17,1229.6,1213.255
2017-03-20,1232.4,1213.4
2017-03-21,1241.6,1215.895
2017-03-22,1249.05,1219.8799999999999
2017-03-23,1247.5,1223.975
2017-03-24,1247.5,1228.46
2017-03-27,1257.55,1233.7949999999998
2017-03-28,1257.25,1239.06
2017-03-29,1251.1,1244.29
2017-03-30,1248.8,1246.235
2017-03-31,1244.85,1247.7599999999998
2017-04-03,1247.25,1249.245
2017-04-04,1257.65,1250.85
2017-04-05,1245.8,1250.5249999999999
2017-04-06,1252.5,1251.0249999999999
2017-04-07,1266.45,1252.9199999999998
2017-04-10,1250.05,1252.1699999999998
2017-04-11,1252.9,1251.735
2017-04-12,1274.3,1254.0549999999998
2017-04-13,1284.15,1257.5899999999997
2017-04-18,1278.95,1260.9999999999998
2017-04-19,1279.05,1264.1799999999998
2017-04-20,1282.1,1266.6249999999998
2017-04-21,1281.85,1270.23
2017-04-24,1269.4,1271.9199999999998
2017-04-25,1267.8,1272.0549999999998
2017-04-26,1261.85,1273.235
2017-04-27,1262.8,1274.225
2017-04-28,1266.45,1273.44
2017-05-02,1255.45,1270.5700000000002
2017-05-03,1250.3,1267.705
2017-05-04,1228.45,1262.645
2017-05-05,1228.05,1257.24
2017-05-08,1229.8,1252.0349999999999
2017-05-09,1220.4,1247.1349999999998
2017-05-10,1222.95,1242.65
2017-05-11,1223.15,1238.78
2017-05-12,1231.25,1235.625
2017-05-15,1233.3,1232.31
2017-05-16,1234.2,1230.185
2017-05-17,1257.4,1230.895
2017-05-18,1255.9,1233.6399999999999
2017-05-19,1252.0,1236.0349999999999
2017-05-22,1258.85,1238.94
2017-05-23,1260.2,1242.92
2017-05-24,1252.55,1245.8799999999999
2017-05-25,1256.95,1249.26
2017-05-26,1265.05,1252.6399999999999
2017-05-30,1262.7,1255.5800000000002
2017-05-31,1266.2,1258.7800000000002
2017-06-01,1264.85,1259.525
2017-06-02,1274.95,1261.4300000000003
2017-06-05,1279.95,1264.2250000000004
2017-06-06,1293.5,1267.6900000000003
2017-06-07,1291.0,1270.7700000000002
2017-06-08,1273.1,1272.8250000000003
2017-06-09,1266.55,1273.7850000000003
2017-06-12,1266.4,1273.9200000000003
2017-06-13,1262.0,1273.8500000000001
2017-06-14,1275.5,1274.7800000000002
2017-06-15,1254.55,1273.75
2017-06-16,1255.4,1271.7949999999998
2017-06-19,1248.15,1268.6149999999998
2017-06-20,1242.2,1263.485
2017-06-21,1242.5,1258.6349999999998
2017-06-22,1250.8,1256.4049999999997
2017-06-23,1255.7,1255.32
2017-06-26,1245.25,1253.205
2017-06-27,1249.55,1251.9599999999998
2017-06-28,1248.0,1249.2099999999998
2017-06-29,1243.5,1248.105
2017-06-30,1242.25,1246.79
2017-07-03,1229.25,1244.9
2017-07-04,1223.75,1243.0549999999998
2017-07-05,1220.3,1240.8349999999998
2017-07-06,1224.9,1238.245
2017-07-07,1215.65,1234.2399999999998
2017-07-10,1211.9,1230.9049999999997
2017-07-11,1211.05,1227.0549999999998
2017-07-12,1218.8,1224.1349999999998
2017-07-13,1218.9,1221.6749999999997
2017-07-14,1230.3,1220.4799999999996
2017-07-17,1234.1,1220.9649999999997
2017-07-18,1240.75,1222.6649999999995
2017-07-19,1242.15,1224.8499999999997
2017-07-20,1238.7,1226.2299999999998
2017-07-21,1248.55,1229.5199999999998
2017-07-24,1255.55,1233.8849999999998
2017-07-25,1254.4,1238.2199999999998
2017-07-26,1248.1,1241.1499999999999
2017-07-27,1261.1,1245.37
2017-07-28,1264.9,1248.83
2017-07-31,1267.55,1252.1749999999997
2017-08-01,1270.95,1255.195
2017-08-02,1269.6,1257.94
2017-08-03,1268.1,1260.8799999999999
2017-08-04,1257.7,1261.795
2017-08-07,1258.0,1262.0400000000002
2017-08-08,1261.8,1262.7800000000002
2017-08-09,1271.05,1265.075
2017-08-10,1284.4,1267.405
2017-08-11,1286.1,1269.525
2017-08-14,1282.3,1271.0
2017-08-15,1270.3,1270.935
2017-08-16,1272.75,1271.2499999999998
2017-08-17,1285.15,1272.9549999999997
2017-08-18,1295.8,1276.7649999999996
2017-08-21,1292.9,1280.2549999999997
2017-08-22,1284.2,1282.4949999999997
2017-08-23,1286.65,1284.0549999999998
2017-08-24,1289.0,1284.5149999999999
2017-08-25,1285.3,1284.4349999999997
2017-08-29,1318.65,1288.0699999999997
2017-08-30,1308.5,1291.8899999999999
2017-08-31,1311.75,1295.7899999999997
2017-09-01,1320.4,1299.3149999999998
2017-09-04,1333.1,1303.0449999999998
2017-09-05,1335.55,1307.31
2017-09-06,1337.85,1312.6749999999997
2017-09-07,1343.5,1318.36
2017-09-08,1346.25,1324.0849999999998
2017-09-11,1334.2,1328.975
2017-09-12,1326.5,1329.76
2017-09-13,1327.55,1331.665
2017-09-14,1324.55,1332.945
2017-09-15,1322.85,1333.19
2017-09-18,1312.1,1331.09
2017-09-19,1309.6,1328.4950000000001
2017-09-20,1311.3,1325.84
2017-09-21,1292.1,1320.7
2017-09-22,1294.8,1315.5549999999998
2017-09-25,1293.3,1311.4649999999997
2017-09-26,1300.05,1308.8199999999997
2017-09-27,1282.55,1304.3199999999997
2017-09-28,1283.35,1300.1999999999998
2017-09-29,1283.1,1296.225
2017-10-02,1273.7,1292.3849999999998
2017-10-03,1271.25,1288.5499999999997
2017-10-04,1274.25,1284.8449999999998
2017-10-05,1274.5,1283.0849999999998
2017-10-06,1261.8,1279.7849999999999
2017-10-09,1278.75,1278.33
2017-10-10,1291.4,1277.465
2017-10-11,1289.25,1278.135
2017-10-12,1290.25,1278.825
2017-10-13,1299.6,1280.475
2017-10-16,1303.3,1283.435
2017-10-17,1284.75,1284.7849999999999
2017-10-18,1280.2,1285.3799999999999
2017-10-19,1286.4,1286.57
2017-10-20,1281.2,1288.51
2017-10-23,1274.9,1288.125
2017-10-24,1276.45,1286.63
2017-10-25,1275.0,1285.2050000000002
2017-10-26,1273.75,1283.555
2017-10-27,1266.45,1280.2400000000002
2017-10-30,1272.0,1277.1100000000001
2017-10-31,1270.15,1275.65
2017-11-01,1277.05,1275.335
2017-11-02,1279.2,1274.6150000000002
2017-11-03,1267.2,1273.2150000000001
2017-11-06,1270.9,1272.815
2017-11-07,1275.6,1272.73
2017-11-08,1284.0,1273.63
2017-11-09,1284.8,1274.7350000000001
2017-11-10,1284.3,1276.52
2017-11-13,1277.95,1277.115
2017-11-14,1274.6,1277.56
2017-11-15,1282.2,1278.0750000000003
2017-11-16,1280.0,1278.1550000000002
2017-11-17,1284.35,1279.8700000000001
2017-11-20,1286.2,1281.4
2017-11-21,1283.3,1282.17
2017-11-22,1286.95,1282.4650000000001
2017-11-23,1290.35,1283.0200000000002
2017-11-24,1290.5,1283.6400000000003
2017-11-27,1294.9,1285.3350000000003
2017-11-28,1291.85,1287.0600000000002
2017-11-29,1283.85,1287.2250000000001
2017-11-30,1280.2,1287.2450000000003
2017-12-01,1275.5,1286.3600000000001
2017-12-04,1273.45,1285.0850000000003
2017-12-05,1266.3,1283.3850000000002
2017-12-06,1263.7,1281.0600000000002
2017-12-07,1255.0,1277.525
2017-12-08,1250.65,1273.5400000000002
2017-12-11,1247.15,1268.765
2017-12-12,1240.9,1263.67
2017-12-13,1242.65,1259.55
2017-12-14,1251.0,1256.6299999999999
2017-12-15,1254.6,1254.54
2017-12-18,1260.6,1253.2549999999999
2017-12-19,1260.35,1252.66
2017-12-20,1264.55,1252.745
2017-12-21,1264.55,1253.6999999999998
2017-12-27,1279.4,1256.5749999999998
2017-12-28,1291.0,1260.9599999999998
2018-01-02,1312.05,1268.0749999999998
2018-01-03,1314.9,1275.2999999999997
2018-01-04,1314.5,1281.6499999999999
2018-01-05,1317.15,1287.9049999999997
2018-01-08,1319.95,1293.8399999999997
2018-01-09,1311.0,1298.9049999999997
2018-01-10,1319.75,1304.4249999999997
2018-01-11,1323.05,1310.2749999999999
2018-01-12,1326.8,1315.0149999999999
2018-01-15,1339.25,1319.8399999999997
2018-01-16,1333.85,1322.02
2018-01-17,1335.65,1324.0949999999998
2018-01-18,1332.2,1325.865
2018-01-19,1334.95,1327.645
2018-01-22,1332.6,1328.91
2018-01-23,1333.4,1331.15
2018-01-24,1353.7,1334.545
2018-01-25,1354.95,1337.7350000000001
2018-01-26,1353.15,1340.3700000000003
2018-01-29,1343.85,1340.8300000000004
2018-01-30,1344.9,1341.9350000000002
2018-01-31,1345.05,1342.8750000000002
2018-02-01,1341.35,1343.7900000000002
2018-02-02,1331.15,1343.41
2018-02-05,1333.6,1343.51
2018-02-06,1331.4,1343.31
2018-02-07,1324.65,1340.405
2018-02-08,1315.45,1336.455
2018-02-09,1314.1,1332.55
2018-02-12,1322.3,1330.395
2018-02-13,1325.35,1328.44
2018-02-14,1336.25,1327.56
2018-02-15,1352.45,1328.67
2018-02-16,1352.1,1330.765
2018-02-19,1346.6,1332.065
2018-02-20,1339.85,1332.9100000000003
2018-02-21,1330.5,1333.4950000000003
2018-02-22,1328.35,1334.7850000000003
2018-02-23,1327.95,1336.1700000000003
2018-02-26,1333.5,1337.2900000000004
2018-02-27,1325.75,1337.3300000000004
2018-02-28,1317.85,1335.4900000000002
2018-03-01,1307.75,1331.0200000000002
2018-03-02,1322.3,1328.0400000000002
2018-03-05,1320.4,1325.42
2018-03-06,1331.4,1324.575
2018-03-07,1329.4,1324.465
2018-03-08,1321.0,1323.73
2018-03-09,1320.6,1322.995
2018-03-12,1319.15,1321.56
2018-03-13,1322.75,1321.2599999999998
2018-03-14,1323.55,1321.8299999999997
2018-03-15,1318.75,1322.9299999999998
2018-03-16,1310.1,1321.7099999999998
2018-03-19,1312.4,1320.9099999999999
2018-03-20,1311.0,1318.87
2018-03-21,1321.35,1318.065
2018-03-22,1329.15,1318.8799999999999
2018-03-23,1346.6,1321.48
2018-03-26,1352.4,1324.8049999999998
2018-03-27,1341.45,1326.675
2018-03-28,1332.45,1327.565
2018-03-29,1323.85,1328.0750000000003
2018-04-03,1333.45,1330.4100000000003
2018-04-04,1337.3,1332.9
2018-04-05,1327.7,1334.5700000000002
2018-04-06,1331.2,1335.5550000000003
2018-04-09,1331.95,1335.8350000000005
2018-04-10,1338.95,1335.0700000000004
2018-04-11,1350.75,1334.9050000000004
2018-04-12,1341.35,1334.8950000000004
2018-04-13,1343.7,1336.0200000000004
2018-04-16,1349.35,1338.5700000000004
2018-04-17,1342.1,1339.4350000000004
2018-04-18,1351.45,1340.8500000000006
2018-04-19,1348.6,1342.9400000000005
2018-04-20,1336.75,1343.4950000000003
2018-04-23,1324.3,1342.7300000000002
2018-04-24,1328.85,1341.7200000000003
2018-04-25,1321.65,1338.8100000000002
2018-04-26,1320.7,1336.7450000000003
2018-04-27,1321.5,1334.525
2018-04-30,1313.2,1330.9100000000003
2018-05-01,1307.1,1327.4100000000003
2018-05-02,1304.2,1322.6850000000002
2018-05-03,1315.05,1319.3300000000002
2018-05-04,1309.4,1316.595
2018-05-08,1306.6,1314.8250000000003
2018-05-09,1313.85,1313.3250000000003
2018-05-10,1318.8,1313.0400000000002
2018-05-11,1324.35,1313.4050000000002
2018-05-14,1319.85,1313.2400000000002
2018-05-15,1295.0,1311.42
2018-05-16,1291.25,1309.835
2018-05-17,1289.5,1308.365
2018-05-18,1288.3,1305.69
2018-05-21,1288.35,1303.585
2018-05-22,1293.05,1302.23
2018-05-23,1289.0,1299.745
2018-05-24,1304.85,1298.35
2018-05-25,1303.5,1296.2649999999999
2018-05-29,1295.5,1293.83
2018-05-30,1300.7,1294.4
2018-05-31,1305.35,1295.81
2018-06-01,1294.6,1296.3200000000002
2018-06-04,1295.45,1297.0350000000003
2018-06-05,1292.05,1297.4050000000002
2018-06-06,1300.1,1298.1100000000001
2018-06-07,1297.25,1298.9350000000002
2018-06-08,1298.25,1298.275
2018-06-11,1299.6,1297.8850000000002
2018-06-12,1298.65,1298.2000000000003
2018-06-13,1296.15,1297.7450000000001
2018-06-14,1302.75,1297.4850000000001
2018-06-15,1285.25,1296.55
2018-06-18,1281.55,1295.1599999999999
2018-06-19,1276.15,1293.57
2018-06-20,1274.2,1290.98
2018-06-21,1266.15,1287.87
2018-06-22,1269.15,1284.9599999999998
2018-06-25,1268.7,1281.87
2018-06-26,1260.3,1278.0349999999999
2018-06-27,1254.6,1273.8799999999999
2018-06-28,1251.55,1268.7599999999998
2018-06-29,1250.45,1265.28
2018-07-02,1247.8,1261.905
2018-07-03,1251.75,1259.465
2018-07-04,1255.65,1257.61
2018-07-05,1255.5,1256.5449999999998
2018-07-06,1255.35,1255.165
2018-07-09,1262.05,1254.4999999999998
2018-07-10,1254.0,1253.87
2018-07-11,1251.4,1253.5499999999997
2018-07-12,1245.9,1252.985
2018-07-13,1241.7,1252.11
2018-07-16,1241.1,1251.44
2018-07-17,1232.8,1249.5449999999998
2018-07-18,1224.5,1246.4299999999998
2018-07-19,1217.55,1242.6349999999998
2018-07-20,1228.75,1239.975
2018-07-23,1224.95,1236.2649999999999
2018-07-24,1228.35,1233.7
2018-07-25,1231.5,1231.71
2018-07-26,1228.25,1229.9450000000002
2018-07-27,1223.95,1228.17
2018-07-30,1223.8,1226.44
2018-07-31,1220.95,1225.255
2018-08-01,1219.0,1224.7050000000002
2018-08-02,1215.45,1224.4950000000003
2018-08-03,1216.3,1223.2500000000002
2018-08-06,1209.65,1221.72
2018-08-07,1212.35,1220.1200000000001
2018-08-08,1209.55,1217.925
2018-08-09,1214.35,1216.535
2018-08-10,1214.4,1215.58
2018-08-13,1200.35,1213.2350000000001
2018-08-14,1197.0,1210.84
2018-08-15,1182.0,1207.1399999999999
2018-08-16,1180.4,1203.6349999999998
2018-08-17,1178.4,1199.8449999999998
2018-08-20,1184.35,1197.315
2018-08-21,1190.95,1195.175
2018-08-22,1196.65,1193.885
2018-08-23,1192.35,1191.685
2018-08-24,1197.7,1190.015
2018-08-28,1212.25,1191.2050000000002
2018-08-29,1204.2,1191.9250000000002
2018-08-30,1197.3,1193.4550000000002
2018-08-31,1202.45,1195.6600000000003
2018-09-03,1200.05,1197.8250000000003
2018-09-04,1190.85,1198.4750000000001
2018-09-05,1196.7,1199.0500000000002
2018-09-06,1205.15,1199.9
2018-09-07,1198.9,1200.555
2018-09-10,1196.6,1200.4450000000002
2018-09-11,1189.85,1198.2050000000002
2018-09-12,1195.6,1197.345
2018-09-13,1209.8,1198.595
2018-09-14,1201.95,1198.545
2018-09-17,1201.9,1198.73
2018-09-18,1200.2,1199.6650000000002
2018-09-19,1203.3,1200.325
2018-09-20,1208.35,1200.645
2018-09-21,1198.7,1200.6250000000002
2018-09-24,1202.75,1201.2400000000002
2018-09-25,1201.9,1202.4450000000002
2018-09-26,1194.25,1202.31
2018-09-27,1185.4,1199.8700000000001
2018-09-28,1187.25,1198.4
2018-10-01,1189.35,1197.145
2018-10-02,1204.7,1197.595
2018-10-03,1201.2,1197.3850000000002
2018-10-04,1203.45,1196.8950000000002
2018-10-05,1203.8,1197.4050000000002
2018-10-08,1186.95,1195.8250000000003
2018-10-09,1185.55,1194.19
2018-10-10,1188.6,1193.6250000000002
2018-10-11,1205.55,1195.64
2018-10-12,1219.75,1198.89
2018-10-15,1229.95,1202.9500000000003
2018-10-16,1230.7,1205.5500000000002
2018-10-17,1229.05,1208.335
2018-10-18,1223.0,1210.29
2018-10-19,1227.85,1212.6950000000002
2018-10-22,1222.3,1216.23
2018-10-23,1235.95,1221.27
2018-10-24,1230.55,1225.465
2018-10-25,1230.8,1227.99
2018-10-26,1233.85,1229.4
2018-10-29,1230.8,1229.485
2018-10-30,1225.4,1228.9549999999997
2018-10-31,1214.95,1227.5449999999998
2018-11-01,1231.15,1228.36
2018-11-02,1232.1,1228.7849999999999
2018-11-05,1232.25,1229.78
2018-11-06,1231.6,1229.3449999999998
2018-11-07,1229.95,1229.285
2018-11-08,1224.15,1228.6200000000001
2018-11-09,1211.4,1226.375
2018-11-12,1205.55,1223.85
2018-11-13,1202.1,1221.52
2018-11-14,1203.25,1220.35
2018-11-15,1211.85,1218.42
2018-11-16,1222.4,1217.45
2018-11-19,1221.6,1216.385
2018-11-20,1223.0,1215.525
2018-11-21,1226.1,1215.1399999999999
2018-11-22,1227.05,1215.4299999999998
2018-11-23,1223.65,1216.655
2018-11-26,1223.4,1218.44
2018-11-27,1221.2,1220.35
2018-11-28,1213.25,1221.35
2018-11-29,1226.25,1222.79
2018-11-30,1217.55,1222.3049999999998
2018-12-03,1230.3,1223.1749999999997
2018-12-04,1240.3,1224.9049999999997
2018-12-05,1235.9,1225.8849999999998
2018-12-06,1242.55,1227.4349999999997
2018-12-07,1243.3,1229.3999999999996
2018-12-10,1245.35,1231.5949999999998
2018-12-11,1245.3,1234.0049999999997
2018-12-12,1245.75,1237.2549999999997
2018-12-13,1242.75,1238.9049999999995
2018-12-14,1235.35,1240.6849999999997
2018-12-17,1241.65,1241.8199999999997
2018-12-18,1246.3,1242.4199999999996
2018-12-19,1255.0,1244.3299999999997
2018-12-20,1259.75,1246.0499999999997
2018-12-21,1258.15,1247.5349999999999
2018-12-27,1268.0,1249.7999999999997
2018-12-28,1279.0,1253.1699999999998
2019-01-02,1282.9,1256.8849999999998
2019-01-03,1290.45,1261.655
2019-01-04,1279.9,1266.11
2019-01-07,1292.2,1271.165
2019-01-08,1286.45,1275.18
2019-01-09,1288.6,1278.5400000000002
2019-01-10,1291.9,1281.755
2019-01-11,1288.95,1284.8350000000003
2019-01-14,1292.75,1287.3100000000002
2019-01-15,1294.4,1288.8500000000001
2019-01-16,1292.3,1289.7900000000002
2019-01-17,1290.7,1289.815
2019-01-18,1284.2,1290.2450000000003
2019-01-21,1279.55,1288.98
2019-01-22,1282.1,1288.545
2019-01-23,1279.8,1287.665
2019-01-24,1283.7,1286.845
2019-01-25,1293.9,1287.34
2019-01-28,1302.15,1288.28
2019-01-29,1307.55,1289.5949999999998
2019-01-30,1310.7,1291.435
2019-01-31,1323.25,1294.69
2019-02-01,1318.7,1298.1399999999999
2019-02-04,1312.15,1301.4
2019-02-05,1314.2,1304.6100000000001
2019-02-06,1312.4,1307.8700000000001
2019-02-07,1310.0,1310.5
2019-02-08,1314.85,1312.595
2019-02-11,1306.4,1313.02
2019-02-12,1310.0,1313.265
2019-02-13,1312.8,1313.475
2019-02-14,1311.45,1312.295
2019-02-15,1316.55,1312.08
2019-02-18,1325.5,1313.415
2019-02-19,1334.15,1315.4099999999999
2019-02-20,1343.75,1318.5449999999998
2019-02-21,1331.25,1320.6699999999998
2019-02-22,1329.05,1322.0899999999997
2019-02-25,1331.05,1324.5549999999998
2019-02-26,1325.05,1326.0599999999997
2019-02-27,1322.85,1327.0649999999998
2019-02-28,1319.15,1327.8349999999996
2019-03-01,1311.95,1327.3749999999998
2019-03-04,1285.4,1323.3649999999998
2019-03-05,1283.8,1318.3299999999997
2019-03-06,1285.85,1312.5399999999997
2019-03-07,1285.3,1307.9449999999997
2019-03-08,1296.75,1304.7149999999997
2019-03-11,1292.75,1300.8849999999998
2019-03-12,1297.05,1298.0849999999998
2019-03-13,1306.95,1296.495
2019-03-14,1295.55,1294.1349999999998
2019-03-15,1303.5,1293.2899999999997
2019-03-18,1305.6,1295.31
2019-03-19,1307.7,1297.7
2019-03-20,1303.7,1299.4850000000001
2019-03-21,1309.6,1301.9150000000002
2019-03-22,1311.3,1303.3700000000001
2019-03-25,1319.55,1306.05
2019-03-26,1316.3,1307.975
2019-03-27,1309.7,1308.25
2019-03-28,1295.15,1308.21
2019-03-29,1295.4,1307.4
2019-04-01,1293.5,1306.19
2019-04-02,1290.3,1304.4499999999998
2019-04-03,1290.45,1303.1249999999998
2019-04-04,1283.15,1300.4799999999998
2019-04-05,1288.45,1298.195
2019-04-08,1300.0,1296.24
2019-04-09,1303.0,1294.91
2019-04-10,1305.45,1294.4850000000001
2019-04-11,1298.8,1294.85
2019-04-12,1294.3,1294.74
2019-04-15,1285.65,1293.955
2019-04-16,1276.35,1292.56
2019-04-17,1275.85,1291.1
2019-04-18,1275.7,1290.355
2019-04-23,1269.5,1288.46
2019-04-24,1271.65,1285.625
2019-04-25,1280.8,1283.405
2019-04-26,1284.2,1281.28
2019-04-29,1279.5,1279.35
2019-04-30,1282.3,1278.15
2019-05-01,1283.8,1277.965
2019-05-02,1270.95,1277.425
2019-05-03,1278.55,1277.695
2019-05-07,1281.2,1278.245
2019-05-08,1285.2,1279.815
2019-05-09,1286.1,1281.26
2019-05-10,1287.1,1281.89
2019-05-13,1295.6,1283.0300000000002
2019-05-14,1298.4,1284.92
2019-05-15,1299.1,1286.6000000000001
2019-05-16,1291.7,1287.3900000000003
2019-05-17,1280.8,1288.3750000000002
2019-05-20,1276.85,1288.2050000000004
2019-05-21,1271.15,1287.2000000000003
2019-05-22,1273.8,1286.06
2019-05-23,1283.65,1285.815
2019-05-24,1282.5,1285.355
2019-05-28,1278.3,1283.6249999999998
2019-05-29,1281.65,1281.9499999999998
2019-05-30,1280.95,1280.1349999999998
2019-05-31,1295.55,1280.5199999999998
2019-06-03,1317.1,1284.1499999999999
2019-06-04,1324.25,1288.8899999999999
2019-06-05,1335.05,1295.2799999999997
2019-06-06,1335.5,1301.4499999999998
2019-06-07,1340.65,1307.1499999999999
2019-06-10,1328.6,1311.7599999999998
2019-06-11,1324.3,1316.36
2019-06-12,1332.35,1321.4299999999998
2019-06-13,1335.9,1326.9249999999997
2019-06-14,1351.25,1332.495
2019-06-17,1341.3,1334.9149999999997
2019-06-18,1341.35,1336.6249999999998
2019-06-19,1344.05,1337.5249999999999
2019-06-20,1379.5,1341.9249999999997
2019-06-21,1397.15,1347.5749999999998
2019-06-24,1405.7,1355.2849999999999
2019-06-25,1431.4,1365.995
2019-06-26,1403.95,1373.155
2019-06-27,1402.5,1379.815
2019-06-28,1409.0,1385.59
2019-07-01,1390.1,1390.47
2019-07-02,1391.05,1395.44
2019-07-03,1413.5,1402.385
2019-07-04,1414.9,1405.925
2019-07-05,1388.65,1405.075
2019-07-08,1400.1,1404.5149999999999
2019-07-09,1391.55,1400.53
2019-07-10,1408.3,1400.9649999999997
2019-07-11,1413.75,1402.0899999999997
2019-07-12,1407.6,1401.9499999999998
2019-07-15,1412.4,1404.1799999999998
2019-07-16,1409.85,1406.06
2019-07-17,1410.35,1405.745
2019-07-18,1417.45,1406.0
2019-07-19,1439.7,1411.105
2019-07-22,1427.75,1413.8700000000001
2019-07-23,1425.55,1417.27
2019-07-24,1426.95,1419.1350000000002
2019-07-25,1416.1,1419.3700000000003
2019-07-26,1420.4,1420.65
2019-07-29,1419.05,1421.315
2019-07-30,1425.9,1422.92
2019-07-31,1427.55,1424.6399999999999
2019-08-01,1406.8,1423.5749999999998
2019-08-02,1441.75,1423.7799999999997
2019-08-05,1465.25,1427.5299999999997
2019-08-06,1465.25,1431.4999999999998
2019-08-07,1506.05,1439.4099999999996
2019-08-08,1495.75,1447.3749999999995
2019-08-09,1497.7,1455.1049999999998
2019-08-12,1504.7,1463.6699999999998
2019-08-13,1498.4,1470.9199999999998
2019-08-14,1513.25,1479.49
2019-08-15,1515.65,1490.375
2019-08-16,1515.25,1497.725
2019-08-19,1496.6,1500.8600000000001
2019-08-20,1504.55,1504.79
2019-08-21,1503.25,1504.51
2019-08-22,1502.05,1505.1399999999999
2019-08-23,1503.8,1505.7499999999998
2019-08-27,1532.95,1508.5749999999998
2019-08-28,1537.15,1512.4499999999998
2019-08-29,1540.2,1515.145
2019-08-30,1528.4,1516.4199999999998
2019-09-02,1525.95,1517.49
2019-09-03,1537.85,1521.615
2019-09-04,1546.1,1525.77
2019-09-05,1529.1,1528.355
2019-09-06,1523.7,1530.5200000000002
2019-09-09,1509.2,1531.0600000000004
2019-09-10,1498.25,1527.5900000000004
2019-09-11,1490.65,1522.9400000000003
2019-09-12,1515.2,1520.4400000000003
2019-09-13,1503.1,1517.9100000000003
2019-09-16,1497.2,1515.0350000000003
2019-09-17,1502.1,1511.4600000000005
2019-09-18,1503.5,1507.2000000000003
2019-09-19,1500.7,1504.3600000000004
2019-09-20,1501.9,1502.1800000000003
2019-09-23,1522.1,1503.4700000000003
2019-09-24,1520.65,1505.7100000000003
2019-09-25,1528.75,1509.5200000000002
2019-09-26,1506.4,1508.64
2019-09-27,1489.9,1507.3200000000002
2019-09-30,1485.3,1506.1299999999999
2019-10-01,1473.45,1503.2649999999999
2019-10-02,1492.6,1502.175
2019-10-03,1517.1,1503.815
2019-10-04,1499.15,1503.54
2019-10-07,1501.25,1501.455
2019-10-08,1505.85,1499.975
2019-10-09,1507.25,1497.825
2019-10-10,1494.8,1496.665
2019-10-11,1479.15,1495.59
2019-10-14,1490.6,1496.1200000000001
2019-10-15,1487.8,1497.5549999999998
2019-10-16,1485.1,1496.8049999999998
2019-10-17,1492.65,1494.36
2019-10-18,1490.0,1493.445
2019-10-21,1491.65,1492.485
2019-10-22,1485.35,1490.435
2019-10-23,1494.45,1489.155
2019-10-24,1496.55,1489.33
2019-10-25,1513.45,1492.76
2019-10-28,1492.4,1492.94
2019-10-29,1486.75,1492.835
2019-10-30,1492.1,1493.535
2019-10-31,1510.95,1495.3650000000002
2019-11-01,1508.8,1497.2450000000001
2019-11-04,1509.45,1499.025
2019-11-05,1488.95,1499.3850000000002
2019-11-06,1486.05,1498.545
2019-11-07,1484.25,1497.315
2019-11-08,1464.15,1492.385
2019-11-11,1458.7,1489.015
2019-11-12,1452.05,1485.545
2019-11-13,1462.9,1482.625
2019-11-14,1466.65,1478.195
2019-11-15,1466.9,1474.0049999999999
2019-11-18,1467.65,1469.8249999999998
2019-11-19,1468.45,1467.7749999999999
2019-11-20,1471.7,1466.34
2019-11-21,1467.05,1464.62
2019-11-22,1464.45,1464.65
2019-11-25,1458.4,1464.62
2019-11-26,1454.65,1464.8799999999999
2019-11-27,1454.35,1464.025
2019-11-28,1454.65,1462.825
2019-11-29,1460.15,1462.15
2019-12-02,1461.15,1461.5
2019-12-03,1477.3,1462.3849999999998
2019-12-04,1475.1,1462.725
2019-12-05,1475.95,1463.615
2019-12-06,1459.65,1463.1349999999998
2019-12-09,1461.7,1463.465
2019-12-10,1464.95,1464.4950000000001
2019-12-11,1466.8,1465.74
2019-12-12,1467.8,1467.0549999999998
2019-12-13,1466.6,1467.7
2019-12-16,1477.9,1469.375
2019-12-17,1475.8,1469.225
2019-12-18,1474.05,1469.12
2019-12-19,1476.7,1469.195
2019-12-20,1479.0,1471.1299999999999
2019-12-23,1482.1,1473.1699999999998
2019-12-27,1511.5,1477.8249999999998
2019-12-30,1514.75,1482.62
2020-01-02,1527.1,1488.55
2020-01-03,1548.75,1496.7649999999999
2020-01-06,1573.1,1506.285
2020-01-07,1567.85,1515.4900000000002
2020-01-08,1571.95,1525.2800000000002
2020-01-09,1550.75,1532.6850000000002
2020-01-10,1553.6,1540.1450000000002
2020-01-13,1549.9,1546.9250000000002
2020-01-14,1545.1,1550.2850000000003
2020-01-15,1549.0,1553.7100000000003
2020-01-16,1554.55,1556.4550000000002
2020-01-17,1557.6,1557.3400000000001
2020-01-20,1560.15,1556.045
2020-01-21,1551.3,1554.3899999999999
2020-01-22,1556.9,1552.8849999999998
2020-01-23,1562.9,1554.1
2020-01-24,1564.3,1555.1699999999996
2020-01-27,1580.1,1558.1899999999998
2020-01-28,1574.0,1561.0799999999997
2020-01-29,1573.45,1563.5249999999999
2020-01-30,1578.25,1565.895
2020-01-31,1584.2,1568.5549999999998
2020-02-03,1574.75,1570.0149999999999
2020-02-04,1558.35,1570.72
2020-02-05,1553.3,1570.3600000000001
2020-02-06,1563.3,1570.4
2020-02-07,1572.65,1571.2350000000001
2020-02-10,1573.2,1570.545
2020-02-11,1570.5,1570.1950000000002
2020-02-12,1563.7,1569.22
2020-02-13,1575.05,1568.9
2020-02-14,1581.4,1568.62
2020-02-17,1580.8,1569.225
2020-02-18,1589.85,1572.3749999999998
2020-02-19,1604.2,1577.465
2020-02-20,1619.0,1583.035
2020-02-21,1643.3,1590.1
2020-02-24,1671.65,1599.945
2020-02-25,1650.3,1607.9249999999997
2020-02-26,1634.9,1615.0449999999996
2020-02-27,1652.0,1622.7399999999998
2020-02-28,1609.85,1625.5849999999998
2020-03-02,1599.65,1627.4699999999998
2020-03-03,1615.5,1630.0349999999999
2020-03-04,1641.85,1633.7999999999997
2020-03-05,1659.6,1637.86
2020-03-06,1683.65,1641.895
2020-03-09,1672.5,1641.9800000000002
2020-03-10,1655.7,1642.5200000000004
2020-03-11,1653.75,1644.4050000000002
2020-03-12,1570.7,1636.2750000000003
2020-03-13,1562.8,1631.5700000000002
2020-03-16,1487.7,1620.3750000000005
2020-03-17,1536.2,1612.4450000000004
2020-03-18,1498.2,1598.0800000000004
2020-03-19,1474.25,1579.5450000000005
2020-03-20,1494.4,1560.6200000000003
2020-03-23,1525.4,1545.9100000000003
2020-03-24,1605.75,1540.9150000000004
2020-03-25,1605.45,1536.0850000000005
2020-03-26,1634.8,1542.4950000000003
2020-03-27,1617.3,1547.9450000000002
2020-03-30,1618.3,1561.005
2020-03-31,1608.95,1568.2800000000002
2020-04-01,1576.55,1576.115
2020-04-02,1616.8,1590.37
2020-04-03,1613.1,1602.24
2020-04-06,1648.3,1614.53
2020-04-07,1649.25,1618.8799999999999
2020-04-08,1647.8,1623.1149999999998
2020-04-09,1680.65,1627.6999999999998
2020-04-14,1741.9,1640.1599999999999
2020-04-15,1718.65,1650.1950000000002
2020-04-16,1729.5,1662.25
2020-04-17,1692.55,1673.85
2020-04-20,1686.2,1680.7900000000002
2020-04-21,1682.05,1687.6850000000002
2020-04-22,1710.55,1693.9100000000003
2020-04-23,1736.25,1702.6100000000001
2020-04-24,1715.9,1709.4200000000005
2020-04-27,1714.95,1712.8500000000004
2020-04-28,1691.55,1707.8150000000005
2020-04-29,1703.35,1706.2850000000005
2020-04-30,1702.75,1703.6100000000006
2020-05-01,1686.25,1702.9800000000007
2020-05-04,1709.1,1705.2700000000004
2020-05-05,1699.55,1707.0200000000004
2020-05-06,1691.5,1705.1150000000005
2020-05-07,1704.05,1701.8950000000004
2020-05-11,1702.75,1700.5800000000004
2020-05-12,1702.4,1699.3250000000003
2020-05-13,1708.4,1701.0100000000007
2020-05-14,1731.6,1703.8350000000005
2020-05-15,1735.35,1707.0950000000005
2020-05-18,1734.7,1711.9400000000005
2020-05-19,1737.95,1714.8250000000003
2020-05-20,1748.3,1719.7000000000003
2020-05-21,1724.9,1723.0400000000004
2020-05-22,1733.55,1725.9900000000005
2020-05-26,1720.25,1727.7400000000005
2020-05-27,1694.6,1726.9600000000005
2020-05-28,1717.35,1727.8550000000007
2020-05-29,1728.7,1727.5650000000005
2020-06-01,1730.6,1727.0900000000006
2020-06-02,1742.15,1727.8350000000005
2020-06-03,1705.35,1724.5750000000003
2020-06-04,1700.05,1719.7500000000005
2020-06-05,1683.45,1715.6050000000002
2020-06-08,1690.35,1711.2850000000003
2020-06-09,1713.5,1710.6100000000001
2020-06-10,1722.05,1713.3550000000002
2020-06-11,1738.25,1715.4450000000004
2020-06-12,1733.5,1715.9250000000004
2020-06-15,1710.45,1713.9100000000003
2020-06-16,1719.85,1711.6800000000003
2020-06-17,1724.35,1713.5800000000004
2020-06-18,1719.5,1715.5250000000003
2020-06-19,1734.75,1720.6550000000002
2020-06-22,1761.85,1727.8050000000003
2020-06-23,1768.9,1733.3450000000005
2020-06-24,1766.05,1737.7450000000003
2020-06-25,1756.55,1739.5750000000003
2020-06-26,1747.6,1740.9850000000001
2020-06-29,1771.6,1747.1
2020-06-30,1768.1,1751.925
2020-07-01,1771.05,1756.595
2020-07-02,1777.45,1762.39
2020-07-03,1772.9,1766.2050000000004
2020-07-06,1787.9,1768.8100000000002
2020-07-07,1789.55,1770.8750000000005
2020-07-08,1811.1,1775.3800000000003
2020-07-09,1812.1,1780.9350000000002
2020-07-10,1803.1,1786.4850000000001
2020-07-13,1807.5,1790.075
2020-07-14,1801.9,1793.455
2020-07-15,1804.6,1796.81
2020-07-16,1807.7,1799.8349999999998
2020-07-17,1807.35,1803.28
2020-07-20,1815.65,1806.0549999999998
2020-07-21,1842.55,1811.355
2020-07-22,1852.4,1815.485
2020-07-23,1878.3,1822.105
2020-07-24,1902.1,1832.0049999999999
2020-07-27,1936.65,1844.92
2020-07-28,1940.9,1858.8200000000002
2020-07-29,1950.9,1873.4500000000003
2020-07-30,1957.65,1888.4450000000004
2020-07-31,1964.9,1904.2000000000007
2020-08-03,1958.55,1918.4900000000005
2020-08-04,1977.9,1932.0250000000008
2020-08-05,2048.15,1951.6000000000008
2020-08-06,2067.15,1970.485000000001
2020-08-07,2031.15,1983.3900000000012
2020-08-10,2044.5,1994.175000000001
2020-08-11,1939.65,1994.050000000001
2020-08-12,1931.9,1992.150000000001
2020-08-13,1944.25,1990.8100000000009
2020-08-14,1944.75,1988.7950000000008
2020-08-17,1972.85,1990.2250000000008
2020-08-18,2008.75,1993.3100000000006
2020-08-19,1981.0,1986.5950000000005
2020-08-20,1927.15,1972.5950000000005
2020-08-21,1924.35,1961.9150000000002
2020-08-24,1943.95,1951.8600000000001
2020-08-25,1911.15,1949.0100000000002
2020-08-26,1932.95,1949.1150000000002
2020-08-27,1923.85,1947.075
2020-08-28,1957.35,1948.3349999999998
2020-09-01,1972.35,1948.2849999999999
2020-09-02,1947.05,1942.1149999999998
2020-09-03,1940.45,1938.06
2020-09-04,1926.3,1937.9749999999997
2020-09-07,1928.45,1938.3849999999998
2020-09-08,1910.95,1935.0849999999998
2020-09-09,1947.2,1938.6899999999998
2020-09-10,1966.25,1942.0199999999998
2020-09-11,1947.4,1944.375
2020-09-14,1958.7,1944.5100000000002
2020-09-15,1949.35,1942.2100000000003
2020-09-16,1961.8,1943.6850000000002
2020-09-17,1936.25,1943.265
2020-09-18,1950.85,1945.72
2020-09-21,1909.35,1943.81
2020-09-22,1906.0,1943.3149999999998
2020-09-23,1873.4,1935.935
2020-09-24,1861.75,1925.485
2020-09-25,1859.7,1916.7149999999997
2020-09-28,1864.3,1907.2749999999996
2020-09-29,1883.95,1900.735
2020-09-30,1886.9,1893.2450000000001
2020-10-01,1902.0,1889.8200000000002
2020-10-02,1903.05,1885.0400000000002
2020-10-05,1909.6,1885.065
2020-10-06,1913.4,1885.8050000000003
2020-10-07,1884.5,1886.9150000000002
2020-10-08,1887.45,1889.4850000000001
2020-10-09,1923.25,1895.8400000000001
2020-10-12,1925.5,1901.9600000000003
2020-10-13,1891.3,1902.6950000000002
2020-10-14,1910.05,1905.0099999999998
2020-10-15,1891.9,1904.0
2020-10-16,1905.05,1904.2
2020-10-19,1905.6,1903.8
2020-10-20,1898.4,1902.3
2020-10-21,1924.15,1906.265
2020-10-22,1900.95,1907.6150000000002
2020-10-23,1903.65,1905.6550000000002
2020-10-26,1898.45,1902.9500000000003
2020-10-27,1905.7,1904.3900000000006
2020-10-28,1869.95,1900.3800000000006
2020-10-29,1870.3,1898.2200000000005
2020-10-30,1881.85,1895.9000000000003
2020-11-02,1889.9,1894.3300000000006
2020-11-03,1908.3,1895.3200000000004
2020-11-04,1900.15,1892.9200000000005
2020-11-05,1938.45,1896.6700000000005
2020-11-06,1940.8,1900.3850000000002
2020-11-09,1867.3,1897.27
2020-11-10,1878.7,1894.5700000000002
2020-11-11,1860.95,1893.67
2020-11-12,1874.85,1894.125
2020-11-13,1890.9,1895.0300000000002
2020-11-16,1885.6,1894.6
2020-11-17,1889.05,1892.675
2020-11-18,1876.1,1890.2699999999998
2020-11-19,1857.35,1882.1599999999994
2020-11-20,1875.7,1875.6499999999996
2020-11-23,1840.2,1872.9399999999998
2020-11-24,1799.6,1865.0299999999995
2020-11-25,1810.2,1859.9549999999995
2020-11-26,1807.4,1853.2099999999998
2020-11-27,1779.3,1842.0499999999997
2020-11-30,1762.55,1829.7449999999997
2020-12-01,1810.75,1821.9149999999997
2020-12-02,1822.6,1816.5649999999998
2020-12-03,1832.35,1814.0649999999998
2020-12-04,1843.0,1810.7949999999996
2020-12-07,1859.95,1812.7699999999998
2020-12-08,1868.15,1819.6249999999995
2020-12-09,1841.75,1822.7799999999995
2020-12-10,1844.35,1826.4749999999992
2020-12-11,1842.0,1832.7449999999994
2020-12-14,1831.15,1839.6049999999996
2020-12-15,1850.65,1843.5949999999998
2020-12-16,1851.95,1846.53
2020-12-17,1890.75,1852.3700000000001
2020-12-18,1879.75,1856.045
2020-12-21,1880.0,1858.05
2020-12-22,1877.1,1858.9449999999997
2020-12-23,1875.0,1862.2699999999998
2020-12-29,1874.3,1865.2649999999999
2020-12-30,1887.6,1869.8249999999996
2021-01-04,1943.2,1881.0299999999995
2021-01-05,1940.35,1889.9999999999993
2021-01-06,1931.95,1897.9999999999993
2021-01-07,1920.1,1900.934999999999
2021-01-08,1862.9,1899.2499999999993
2021-01-11,1847.25,1895.9749999999992
2021-01-12,1841.25,1892.3899999999994
2021-01-13,1858.85,1890.7749999999992
2021-01-14,1841.75,1887.5199999999993
2021-01-15,1839.0,1882.6599999999994
2021-01-18,1833.05,1871.6449999999993
2021-01-19,1834.7,1861.0799999999995
2021-01-20,1856.6,1853.5449999999994
2021-01-21,1862.1,1847.7449999999994
2021-01-22,1852.7,1846.7249999999992
2021-01-25,1856.85,1847.684999999999
2021-01-26,1856.6,1849.219999999999
2021-01-27,1843.0,1847.634999999999
2021-01-28,1853.7,1848.8299999999992
2021-01-29,1863.8,1851.309999999999
2021-02-01,1862.95,1854.2999999999993
2021-02-02,1833.1,1854.139999999999
2021-02-03,1835.45,1852.0249999999992
2021-02-04,1785.9,1844.4049999999995
2021-02-05,1802.95,1839.4299999999996
2021-02-08,1835.25,1837.2699999999998
2021-02-09,1839.6,1835.5699999999997
2021-02-10,1842.65,1835.5349999999999
2021-02-11,1840.1,1834.1749999999997
2021-02-12,1816.35,1829.4299999999996
2021-02-15,1817.3,1824.8649999999993
2021-02-16,1794.25,1820.9799999999996
2021-02-17,1780.7,1815.5049999999997
2021-02-18,1773.15,1814.2299999999996
2021-02-19,1786.2,1812.5549999999996
2021-02-22,1807.45,1809.7749999999996
2021-02-23,1799.65,1805.7799999999995
2021-02-24,1788.0,1800.3149999999994
2021-02-25,1779.65,1794.2699999999993
2021-02-26,1742.85,1786.9199999999994
2021-03-01,1734.15,1778.6049999999996
2021-03-02,1723.85,1771.5649999999994
2021-03-03,1711.4,1764.6349999999995
2021-03-04,1712.1,1758.5299999999995
2021-03-05,1696.25,1749.5349999999994
2021-03-08,1687.05,1737.4949999999994
2021-03-09,1716.9,1729.2199999999993
2021-03-10,1716.2,1722.0399999999995
2021-03-11,1724.25,1716.4999999999993
2021-03-12,1704.8,1712.6949999999993
2021-03-15,1723.65,1711.6449999999993
2021-03-16,1735.0,1712.759999999999
2021-03-17,1729.65,1714.5849999999991
2021-03-18,1725.9,1715.964999999999
2021-03-19,1735.2,1719.8599999999992
2021-03-22,1736.15,1724.7699999999993
2021-03-23,1726.2,1725.6999999999994
2021-03-24,1730.5,1727.1299999999992
2021-03-25,1737.3,1728.434999999999
2021-03-26,1731.8,1731.134999999999
2021-03-29,1705.95,1729.364999999999
2021-03-30,1683.95,1724.259999999999
2021-03-31,1691.05,1720.3999999999992
2021-04-01,1726.05,1720.4149999999995
2021-04-06,1744.65,1721.3599999999994
2021-04-07,1738.05,1721.5499999999997
2021-04-08,1755.5,1724.4799999999996
2021-04-09,1741.2,1725.5499999999997
2021-04-12,1732.85,1725.1049999999996
2021-04-13,1747.95,1726.7199999999998
2021-04-14,1735.55,1729.6799999999996
2021-04-15,1757.2,1737.0049999999997
2021-04-16,1774.45,1745.3449999999998
2021-04-19,1774.5,1750.1899999999998
2021-04-20,1777.85,1753.5099999999998
2021-04-21,1798.2,1759.525
2021-04-22,1787.75,1762.75
2021-04-23,1781.8,1766.81
2021-04-26,1773.35,1770.86
2021-04-27,1784.15,1774.48
2021-04-28,1772.2,1778.145
2021-04-29,1762.65,1778.69
2021-04-30,1767.65,1778.0100000000002
2021-05-04,1797.75,1780.3350000000003
2021-05-05,1782.25,1780.775
2021-05-06,1813.15,1782.27
2021-05-07,1836.55,1787.15
2021-05-10,1840.45,1793.015
2021-05-11,1829.1,1798.5900000000001
2021-05-12,1830.7,1803.2450000000001
2021-05-13,1821.8,1808.205
2021-05-14,1838.1,1815.75
2021-05-17,1853.7,1824.355
2021-05-18,1866.75,1831.2549999999999
2021-05-19,1888.45,1841.875
2021-05-20,1878.3,1848.3899999999999
2021-05-21,1875.9,1852.325
2021-05-24,1880.15,1856.295
2021-05-25,1887.0,1862.0850000000003
2021-05-26,1899.75,1868.9900000000002
2021-05-27,1891.45,1875.9550000000004
2021-05-28,1899.95,1882.1400000000006
2021-06-01,1899.35,1886.7050000000004
2021-06-02,1902.75,1890.3050000000003
2021-06-03,1866.55,1888.1150000000002
2021-06-04,1890.6,1889.345
2021-06-07,1888.4,1890.595
2021-06-08,1893.15,1891.895
2021-06-09,1894.6,1892.655
2021-06-10,1888.65,1891.545
2021-06-11,1881.05,1890.5049999999999
2021-06-14,1865.6,1887.0699999999997
2021-06-15,1865.1,1883.6449999999998
2021-06-16,1860.75,1879.4449999999997
2021-06-17,1778.7,1870.6599999999999
2021-06-18,1773.1,1858.9099999999999
2021-06-21,1775.05,1847.5749999999996
2021-06-22,1775.05,1835.7649999999994
2021-06-23,1791.6,1825.4649999999995
2021-06-24,1784.85,1815.0849999999996
2021-06-25,1786.65,1805.6449999999998
2021-06-28,1780.3,1797.1149999999998
2021-06-29,1755.45,1786.1499999999996
2021-06-30,1763.15,1776.3899999999999
2021-07-01,1781.5,1776.6699999999996
2021-07-02,1786.15,1777.9749999999997
2021-07-05,1791.35,1779.6049999999996
2021-07-06,1809.85,1783.0849999999996
2021-07-07,1804.65,1784.3899999999994
2021-07-08,1807.7,1786.6749999999993
2021-07-09,1806.0,1788.6099999999992
2021-07-12,1792.4,1789.8199999999993
2021-07-13,1813.85,1795.6599999999992
2021-07-14,1823.2,1801.664999999999
2021-07-15,1823.75,1805.889999999999
2021-07-16,1824.3,1809.7049999999992
2021-07-19,1814.9,1812.059999999999
2021-07-20,1823.05,1813.3799999999992
2021-07-21,1802.15,1813.1299999999992
2021-07-22,1799.45,1812.3049999999992
2021-07-23,1799.6,1811.664999999999
2021-07-26,1800.2,1812.444999999999
2021-07-27,1800.35,1811.094999999999
2021-07-28,1796.6,1808.4349999999988
2021-07-29,1829.3,1808.9899999999986
2021-07-30,1825.75,1809.1349999999989
2021-08-02,1811.45,1808.7899999999986
2021-08-03,1812.65,1807.7499999999989
2021-08-04,1829.1,1810.444999999999
2021-08-05,1800.75,1810.574999999999
2021-08-06,1762.9,1806.9049999999988
2021-08-09,1738.85,1800.7699999999986
2021-08-10,1723.35,1793.0699999999986
2021-08-11,1743.6,1787.7699999999986
2021-08-12,1747.4,1779.5799999999988
2021-08-13,1773.85,1774.3899999999987
2021-08-16,1786.35,1771.8799999999985
2021-08-17,1789.45,1769.5599999999984
2021-08-18,1783.45,1764.9949999999983
2021-08-19,1782.05,1763.1249999999982
2021-08-20,1779.05,1764.7399999999984
2021-08-23,1802.0,1771.054999999998
2021-08-24,1808.45,1779.564999999998
2021-08-25,1788.7,1784.0749999999978
2021-08-26,1786.6,1787.9949999999978
2021-08-27,1798.5,1790.4599999999978
2021-08-31,1814.85,1793.3099999999977
2021-09-01,1811.8,1795.5449999999976
2021-09-02,1812.55,1798.4549999999974
2021-09-03,1823.7,1802.6199999999976
2021-09-06,1821.6,1806.8749999999975
2021-09-07,1802.15,1806.8899999999976
2021-09-08,1786.0,1804.6449999999975
2021-09-09,1788.25,1804.5999999999974
2021-09-10,1794.6,1805.3999999999974
